/*
SQLyog Ultimate v12.5.1 (64 bit)
MySQL - 10.1.38-MariaDB : Database - mba
*********************************************************************
*/

/*!40101 SET NAMES utf8 */;

/*!40101 SET SQL_MODE=''*/;

/*!40014 SET @OLD_UNIQUE_CHECKS=@@UNIQUE_CHECKS, UNIQUE_CHECKS=0 */;
/*!40014 SET @OLD_FOREIGN_KEY_CHECKS=@@FOREIGN_KEY_CHECKS, FOREIGN_KEY_CHECKS=0 */;
/*!40101 SET @OLD_SQL_MODE=@@SQL_MODE, SQL_MODE='NO_AUTO_VALUE_ON_ZERO' */;
/*!40111 SET @OLD_SQL_NOTES=@@SQL_NOTES, SQL_NOTES=0 */;
CREATE DATABASE /*!32312 IF NOT EXISTS*/`mba` /*!40100 DEFAULT CHARACTER SET latin1 */;

USE `mba`;

/*Table structure for table `emulator` */

DROP TABLE IF EXISTS `emulator`;

CREATE TABLE `emulator` (
  `id` int(11) NOT NULL AUTO_INCREMENT,
  `title` varchar(70) DEFAULT NULL,
  `keyword` varchar(150) DEFAULT NULL,
  `deskripsi_singkat` varchar(160) DEFAULT NULL,
  `id_kategori` int(11) DEFAULT NULL,
  `nama` varchar(100) DEFAULT NULL,
  `deskripsi` text,
  `bintang` int(5) DEFAULT NULL,
  `link` varchar(100) DEFAULT NULL,
  `uri` text,
  `gambar` text,
  `status` int(2) DEFAULT NULL,
  `date_upload` date DEFAULT NULL,
  `time_upload` time DEFAULT NULL,
  `date_update` date DEFAULT NULL,
  `time_update` time DEFAULT NULL,
  PRIMARY KEY (`id`)
) ENGINE=InnoDB AUTO_INCREMENT=15 DEFAULT CHARSET=latin1;

/*Data for the table `emulator` */

insert  into `emulator`(`id`,`title`,`keyword`,`deskripsi_singkat`,`id_kategori`,`nama`,`deskripsi`,`bintang`,`link`,`uri`,`gambar`,`status`,`date_upload`,`time_upload`,`date_update`,`time_update`) values 
(1,'','','',1,' SSSPSX','',5,'','','',1,'2021-11-23','17:27:49','2021-11-23','17:27:49'),
(2,'','','',1,'ePSXe','',5,'','','',1,'2021-11-23','17:28:02','2021-11-23','17:28:02'),
(3,'','','',1,'pSX','',4,'','','',1,'2021-11-23','17:28:13','2021-11-23','17:28:13'),
(4,'','','',1,'PCSX-Reloaded','',4,'','','',1,'2021-11-23','17:28:20','2021-11-23','17:28:20'),
(5,'','','',1,'PSXeven','',4,'','','',1,'2021-11-23','17:28:30','2021-11-23','17:28:30'),
(6,'','','',1,'AndriPSX','',4,'','','',1,'2021-11-23','17:28:37','2021-11-23','17:28:37'),
(7,'','','',2,'PCSX2','',5,'','','',1,'2021-11-23','17:28:55','2021-11-23','17:28:55'),
(8,'','','',2,'PS2emu','',5,'','','',1,'2021-11-23','17:29:04','2021-11-23','17:29:04'),
(9,'','','',2,'NeutrinoSX2','',4,'','','',1,'2021-11-23','17:29:13','2021-11-23','17:29:13'),
(10,'','','',3,'PPSSPP','',5,'','','',1,'2021-11-23','17:29:27','2021-11-23','17:29:27'),
(11,'','','',3,'PCSP','',4,'','','',1,'2021-11-23','17:29:36','2021-11-23','17:29:36'),
(12,'','','',3,'JPCSP','',4,'','','',1,'2021-11-23','17:29:45','2021-11-23','17:29:45'),
(13,'','','',3,'Potemkin','',3,'','','',1,'2021-11-23','17:29:54','2021-11-23','17:29:54'),
(14,'','','',3,'PSPE','',3,'','','',1,'2021-11-23','17:30:07','2021-11-23','17:30:07');

/*Table structure for table `emulator_kategori` */

DROP TABLE IF EXISTS `emulator_kategori`;

CREATE TABLE `emulator_kategori` (
  `id_kategori` int(11) NOT NULL AUTO_INCREMENT,
  `kategori` varchar(100) DEFAULT NULL,
  `gambar` text,
  `status` int(2) DEFAULT NULL,
  `uri` text,
  `date_upload` datetime DEFAULT NULL,
  `date_update` datetime DEFAULT NULL,
  PRIMARY KEY (`id_kategori`)
) ENGINE=InnoDB AUTO_INCREMENT=4 DEFAULT CHARSET=latin1;

/*Data for the table `emulator_kategori` */

insert  into `emulator_kategori`(`id_kategori`,`kategori`,`gambar`,`status`,`uri`,`date_upload`,`date_update`) values 
(1,'Sony Playstation','http://localhost/ModBoyApps/source/EMULATOR/ICON/playstation-png-logo-pic-4610.png',1,'sony-playstation','2021-11-23 17:26:09',NULL),
(2,'Sony Playstation 2','http://localhost/ModBoyApps/source/EMULATOR/ICON/Sony_Playstation_2.jpg',1,'sony-playstation-2','2021-11-23 17:26:21','2021-11-25 09:36:41'),
(3,'Sony Playstation Portable','http://localhost/ModBoyApps/source/EMULATOR/ICON/pngwing-com.png',1,'sony-playstation-portable','2021-11-23 17:26:38',NULL);

/*Table structure for table `kategori` */

DROP TABLE IF EXISTS `kategori`;

CREATE TABLE `kategori` (
  `id_kategori` int(11) NOT NULL AUTO_INCREMENT,
  `kategori` varchar(100) DEFAULT NULL,
  `gambar` text,
  `status` int(11) DEFAULT NULL,
  `date_upload` datetime DEFAULT NULL,
  `date_update` datetime DEFAULT NULL,
  PRIMARY KEY (`id_kategori`)
) ENGINE=InnoDB AUTO_INCREMENT=21 DEFAULT CHARSET=latin1;

/*Data for the table `kategori` */

insert  into `kategori`(`id_kategori`,`kategori`,`gambar`,`status`,`date_upload`,`date_update`) values 
(3,'Action','http://localhost/ModBoyApps/source/KATEGORI/arcade.png',1,'2021-10-26 08:54:06','2021-11-06 04:01:10'),
(4,'Arcade','http://localhost/ModBoyApps/source/KATEGORI/arcade.png',1,'2021-10-26 10:22:31','2021-11-06 04:02:17'),
(5,'Racing','http://localhost/ModBoyApps/source/KATEGORI/arcade.png',1,'2021-10-26 10:26:53','2021-11-06 04:02:05'),
(6,'Survival','http://localhost/ModBoyApps/source/KATEGORI/arcade.png',1,'2021-10-31 12:26:38','2021-11-06 04:01:59'),
(7,'Strategi','http://localhost/ModBoyApps/source/KATEGORI/arcade.png',1,'2021-10-31 12:26:38','2021-11-06 04:01:55'),
(8,'Sports','http://localhost/ModBoyApps/source/KATEGORI/arcade.png',1,'2021-10-31 12:26:38','2021-11-06 06:42:08'),
(9,'Simulation','http://localhost/ModBoyApps/source/KATEGORI/arcade.png',1,'2021-10-31 12:26:38','2021-11-06 04:01:45'),
(10,'Role Play','http://localhost/ModBoyApps/source/KATEGORI/arcade.png',1,'2021-10-31 12:26:38','2021-11-06 04:03:51'),
(11,'Puzzel','http://localhost/ModBoyApps/source/KATEGORI/arcade.png',1,'2021-10-31 12:26:38','2021-11-06 04:01:40'),
(12,'Casual','http://localhost/ModBoyApps/source/KATEGORI/arcade.png',1,'2021-10-31 12:26:38','2021-11-06 04:01:36'),
(13,'Musik','http://localhost/ModBoyApps/source/KATEGORI/arcade.png',1,'2021-10-31 12:26:38','2021-11-06 04:02:55'),
(14,'RPG','http://localhost/ModBoyApps/source/KATEGORI/arcade.png',1,'2021-10-31 12:26:38','2021-11-06 04:03:04'),
(15,'Logic','http://localhost/ModBoyApps/source/KATEGORI/arcade.png',1,'2021-11-11 08:44:49',NULL),
(17,'Card','http://localhost/ModBoyApps/source/KATEGORI/arcade.png',1,'2021-11-11 11:41:53',NULL),
(18,'Fighting','http://localhost/ModBoyApps/source/KATEGORI/arcade.png',1,'2021-11-11 11:42:16',NULL),
(20,'Moba','http://localhost/ModBoyApps/source/KATEGORI/arcade.png',1,'2021-11-11 11:43:11',NULL);

/*Table structure for table `meta` */

DROP TABLE IF EXISTS `meta`;

CREATE TABLE `meta` (
  `id` int(11) NOT NULL,
  `title` varchar(50) DEFAULT NULL,
  `description` text,
  `keyword` text,
  `icon_32` text,
  `icon_128` text,
  `icon_192` text,
  `logo` text,
  `date_upload` datetime DEFAULT NULL,
  `date_update` datetime DEFAULT NULL,
  PRIMARY KEY (`id`)
) ENGINE=InnoDB DEFAULT CHARSET=latin1;

/*Data for the table `meta` */

insert  into `meta`(`id`,`title`,`description`,`keyword`,`icon_32`,`icon_128`,`icon_192`,`logo`,`date_upload`,`date_update`) values 
(0,'ModBoyApk.com - Game MOD APK','ModBoyApk adalah situs web yang menyediakan MOD APK Gratis. Dimana ada beberapa game, aplikasi premium android dengan mod berkualitas tinggi.','game mod, apk mod, tutorial and tips, game mood free, apk mod free','http://localhost/ModBoyApps/source/LOGO/ModBoyapk%20Logo(32x32).gif','http://localhost/ModBoyApps/source/LOGO/ModBoyapk%20Logo(128x128).gif','http://localhost/ModBoyApps/source/LOGO/ModBoyapk(192x129).gif','http://localhost/ModBoyApps/source/LOGO/ModBoyapkREV-unscreen(96x39).gif','2021-11-09 05:03:05','2021-11-20 09:24:09'),
(1,'Game MOD - Download for Android - ModBoyAPK','Temukan ribuan game seluler unik. Kami terus memperbarui setiap hari, bersama dengan mod terbaik yang tersedia di sini','mod apk game, download mod game, mod apk download, game mod, gamemod, mods','http://localhost/ModBoyApps/source/LOGO/ModBoyapk%20Logo(32x32).gif','http://localhost/ModBoyApps/source/LOGO/ModBoyapk%20Logo(128x128).gif','http://localhost/ModBoyApps/source/LOGO/ModBoyapk(192x129).gif','http://localhost/ModBoyApps/source/LOGO/ModBoyapk96x39.gif',NULL,'2021-11-15 14:31:05'),
(2,'Apk & MOD App for Android - ModBoyApk','Temukan ribuan aplikasi seluler unik. Kami terus memperbarui setiap hari, bersama dengan aplikasi premium terbaik yang tersedia di sini','mod apk, mod hack, apk mod download, mods downloader','http://localhost/ModBoyApps/source/LOGO/ModBoyapk%20Logo(32x32).gif','http://localhost/ModBoyApps/source/LOGO/ModBoyapk%20Logo(128x128).gif','http://localhost/ModBoyApps/source/LOGO/ModBoyapk(192x129).gif','http://localhost/ModBoyApps/source/LOGO/ModBoyapk96x39.gif',NULL,'2021-11-15 14:34:01'),
(3,'Tutorial - Game dan Tips Aplikasi - ModBoyApk','Kumpulan panduan bermain video game di PSX, PS2, PSP, PC (Menggunakan Emulator), dan lainnya.','tutorial game, cheat game, walkthrough, Walkthrough Sony Playstation, Walkthrough Sony Playstation Portable',NULL,NULL,NULL,'http://localhost/ModBoyApps/source/LOGO/ModBoyapk96x39.gif',NULL,'2021-11-27 14:59:41'),
(4,'Kategori Emulator Android dan PC - ModBoyApk','Cara bermain game PSX, PS2, PSP menggunakan emulator android atau emulator PC','emulator android untuk PC, emulator psx untuk android, emulator ',NULL,NULL,NULL,NULL,'2021-11-13 13:10:03','2021-11-27 15:15:59'),
(5,'Emulator Android dan PC - ModBoyApk','Cara bermain game PSX, PS2, PSP menggunakan emulator android atau emulator PC','emulator android untuk PC, emulator psx untuk android, emulator ',NULL,NULL,NULL,NULL,'2021-11-13 13:10:03','2021-11-27 15:13:08'),
(6,'Rom Kategori','Rom Kategori',NULL,NULL,NULL,NULL,NULL,'2021-11-13 13:10:03','2021-11-13 13:10:03'),
(7,'Rom','Rom',NULL,NULL,NULL,NULL,NULL,'2021-11-13 13:10:03','2021-11-13 13:10:03');

/*Table structure for table `post` */

DROP TABLE IF EXISTS `post`;

CREATE TABLE `post` (
  `id_post` int(11) NOT NULL AUTO_INCREMENT,
  `id_kategori` varchar(50) DEFAULT NULL,
  `title` varchar(70) NOT NULL,
  `keyword` text NOT NULL,
  `deskripsi_singkat` varchar(160) DEFAULT NULL,
  `kategori` int(2) DEFAULT NULL,
  `judul` varchar(100) DEFAULT NULL,
  `deskripsi` text,
  `link` text,
  `gambar` text,
  `status` int(2) DEFAULT NULL,
  `bintang` int(5) DEFAULT NULL,
  `uri` varchar(100) NOT NULL,
  `alfabet` varchar(5) NOT NULL,
  `date_upload` date DEFAULT NULL,
  `time_upload` time NOT NULL,
  `date_update` date DEFAULT NULL,
  `time_update` time NOT NULL,
  PRIMARY KEY (`id_post`)
) ENGINE=InnoDB AUTO_INCREMENT=42 DEFAULT CHARSET=latin1;

/*Data for the table `post` */

insert  into `post`(`id_post`,`id_kategori`,`title`,`keyword`,`deskripsi_singkat`,`kategori`,`judul`,`deskripsi`,`link`,`gambar`,`status`,`bintang`,`uri`,`alfabet`,`date_upload`,`time_upload`,`date_update`,`time_update`) values 
(1,NULL,'Captain Tsubasa Zero v2.4.7 MOD APK','Captain Tsubasa Zero,Captain Tsubasa Zero game,Football,Sport,games,game downloads,download,downloads,play store','Captain Tsubasa Zero: Kimero! Miracle Shot adalah manga dan anime tentang sepak bola.',1,'Captain Tsubasa Zero v2.4.7 MOD APK (Unlimited Stamina)','<p>&nbsp;<img alt=\"Captain Tsubasa Zero v2.4.6 MODBOYAPK.COM\" class=\"img-responsive\" longdesc=\"\" src=\"http://localhost/ModBoyApps/source/GAMES/SPORTS/Captain%20Tsubasa%20Zero/Captain%20Tsubasa%20Zero.jpg\" style=\"height:225px; width:675px\" title=\"\" /></p>\r\n\r\n<table class=\"table table-borderless table-striped\" style=\"height:202px; width:679px\">\r\n	<tbody>\r\n		<tr>\r\n			<th>Nama Aplikasi</th>\r\n			<td>Captain Tsubasa Zero</td>\r\n		</tr>\r\n		<tr>\r\n			<th>Publisher</th>\r\n			<td>GMO GP</td>\r\n		</tr>\r\n		<tr>\r\n			<th>Genre</th>\r\n			<td>Sports</td>\r\n		</tr>\r\n		<tr>\r\n			<th>Size</th>\r\n			<td>84MB</td>\r\n		</tr>\r\n		<tr>\r\n			<th>Versi Terakhir</th>\r\n			<td>2.4.7</td>\r\n		</tr>\r\n		<tr>\r\n			<th>MOD Info</th>\r\n			<td>Weak Enemies/High Player</td>\r\n		</tr>\r\n		<tr>\r\n			<th>Get it On</th>\r\n			<td><a href=\"https://play.google.com/store/apps/details?id=jp.co.gamepot.tsubasa\" rel=\"nofollow\" target=\"_blank\"><img alt=\"Google Play\" src=\"http://localhost/ModBoyApps/source/google-play.png\" style=\"height:1.5rem\" /></a></td>\r\n		</tr>\r\n	</tbody>\r\n</table>\r\n\r\n<p style=\"text-align: center;\"><a class=\"btn btn-info\" href=\"https://rebrand.ly/Captain-Tsubasa-Zero\" style=\"padding: 10px 100px;\" target=\"_blank\">Download</a></p>\r\n\r\n<p><strong>Captain Tsubasa Zero: Kimero! Miracle Shot - </strong><em><strong>Kapten Tsubasa</strong></em>&nbsp; adalah manga dan anime tentang sepak bola. Kapten Tsubasa merupakan salah satu manga dan anime favorit indonesia bahkan dunia pada zaman.</p>\r\n\r\n<p><img alt=\"Captain Tsubasa Zero v2.4.6 MODBOYAPK.COM\" class=\"img-responsive\" src=\"http://localhost/ModBoyApps/source/GAMES/SPORTS/Captain%20Tsubasa%20Zero/Captain%20Tsubasa%20Zero%202.png\" style=\"height:225px; width:675px\" /></p>\r\n\r\n<p>Bagi kalian yang pernah memainkan game Captain Tsubasa yang dirilis oleh Bandai Namco tahun 2006 yang lalu, pasti akan familiar dengan gameplay yang ditawarkan oleh game yang satu ini. Pada Captain Tsubasa Zero sendiri stats player adalah sebuah kunci utama untuk memenangkan sebuah duel, baik itu dalam tendangan, tekel, ataupun saat kalian menggiring bola. Selain itu kurang afdol rasanya jika Tsubasa tanpa tendangan tendangan maut yang luarbiasa, oleh karena itu sang pengembang memasukan sebuah sistem yang diberi nama Miracle Shoot bar, yang berguna memicu jurus-jurus dari karakter yang kamu gunakan. Game ini sendiri juga akan memperkenalkan beberapa original karakter yang mungkin bisa kamu jumpai dalam scenario mode.</p>\r\n\r\n<p><img alt=\"Captain Tsubasa Zero v2.4.6 MODBOYAPK.COM\" class=\"img-responsive\" src=\"http://localhost/ModBoyApps/source/GAMES/SPORTS/Captain%20Tsubasa%20Zero/Captain%20Tsubasa%20Zero%203.png\" style=\"height:225px; width:675px\" /></p>\r\n\r\n<p>Game yang merupakan adaptasi manga legendaris karya Yoichi Takahashi ini akan memiliki judul Captain Tsubasa Zero: Kimero! Miracle Shot. Secara gameplay game ini akan menggunkan real-time strategy soccer, dimana akan mengambil setting cerita mengikuti anime terbaru Captain Tsubasa. Terdapat dua mode yaitu Match mode, dimana kamu bisa membangun tim kamu sendiri, dan juga Main Scenario Mode. Secara tampilan di game ini akan memiliki desain 3D dengan tampilan yang akan memanjakan mata.</p>\r\n\r\n<p>Apakah anda ingin mendapatkan crypto gratis? silahkan download <a href=\"http://localhost/ModBoyApps/view/2/download-cryptotab-browser-pro-mod-apk-v4-1-79-2479-tambang-bitcoin-gratis-sepuasnya-terbaru\">CryptoTab Browser Pro di sini</a></p>\r\n\r\n<p><a href=\"https://rebrand.ly/Captain-Tsubasa-Zero\">Download Captain Tsubasa Zero: Kimero! Miracle Shot (MOD, Weak Enemies/High Player)</a></p>\r\n\r\n<p>Download juga:</p>\r\n\r\n<p><a href=\"http://localhost/ModBoyApps/view/1/download-head-soccer-game-mod-apk-terbaru\">Download Head Soccer (MOD, Unlimited Money)</a></p>\r\n','https://rebrand.ly/Captain-Tsubasa-Zero','http://localhost/ModBoyApps/source/GAMES/SPORTS/Captain%20Tsubasa%20Zero/Captain-Tsubasa-ZERO.png',1,NULL,'download-captain-tsubasa-zero-mod-game-apk-terbaru','C','2021-11-11','04:51:12','2021-11-27','14:44:44'),
(2,'0','CryptoTab Browser Pro','CryptoTab Browser,CryptoTab,CryptoTab Browser Download,download,downloads,play store','CryptoTab Browser adalah aplikasi yang digunakan untuk menambang bitcoin secara gratis hanya dengan menggunakan browser.',2,'CryptoTab Browser Pro','<p>&nbsp;<img alt=\"CryptoTab Browser Pro MODBOYAPK.COM\" class=\"img-responsive\" src=\"http://localhost/ModBoyApps/source/APPS/CRYPTOTAB/CRYPTOTAB.png\" style=\"height:200px; width:200px\" /></p>\r\n\r\n<table class=\"table table-borderless table-striped\" style=\"height:225px; width:675px\">\r\n	<tbody>\r\n		<tr>\r\n			<th>Nama Aplikasi</th>\r\n			<td>CryptoTab Browser Pro Level</td>\r\n		</tr>\r\n		<tr>\r\n			<th>Publisher</th>\r\n			<td>CryptoCompany OU</td>\r\n		</tr>\r\n		<tr>\r\n			<th>Genre</th>\r\n			<td>Tools</td>\r\n		</tr>\r\n		<tr>\r\n			<th>Size</th>\r\n			<td>53.8M</td>\r\n		</tr>\r\n		<tr>\r\n			<th>Versi Terakhir</th>\r\n			<td>4.1.79</td>\r\n		</tr>\r\n		<tr>\r\n			<th>MOD Info</th>\r\n			<td>Pro</td>\r\n		</tr>\r\n		<tr>\r\n			<th>Get it On</th>\r\n			<td><a href=\"https://play.google.com/store/apps/details?id=pro.cryptotab.android\" rel=\"nofollow\" target=\"_blank\"><img alt=\"Google Play\" src=\"https://moddroid.co/wp-content/themes/k/images/google-play.png\" style=\"height:1.5rem\" /> </a></td>\r\n		</tr>\r\n	</tbody>\r\n</table>\r\n\r\n<p><strong>CryptoTab Browser</strong> adalah aplikasi yang digunakan untuk menambang Bitcoin secara gratis hanya dengan menggunakan browser. Tinggal download, install, pasang di browsermu, maka aplikasi tersebut akan menambang Bitcoin secara otomatis tanpa perlu kamu atur.</p>\r\n\r\n<p>Di bawah ini <span style=\"color:#3498db\"><strong>ModBoyApk.com</strong></span> sudah menyajikan informasi dan <strong>link download CryptoTab Browser Pro MOD APK terbaru</strong> yang punya sederet fitur premium. Silakan baca terlebih dahulu, siapa tahu bisa jadi jalanmu menuju <em>cuan</em> di tahun 2021.</p>\r\n\r\n<p>Untuk memulai Mining di <strong>CryptoTab Browser </strong>ini sahabat bisa mengikuti instruksinya sebagai berikut:</p>\r\n\r\n<p>1. Download &amp; Install Aplikasi <strong>CryptoTab Browser Pro MOD APK v4-1-79-2479</strong> melalui <strong><a href=\"https://bit.ly/3cg8aQn\">link Download ini</a></strong>.</p>\r\n\r\n<p>2. Setelah selesai melakukan Instalasi silahkan masuk ke aplikasi menggunakan Link Referral berikut ini&nbsp;? <strong><a href=\"https://cryptotabbrowser.com/en/29764110\">https://cryptotabbrowser.com/29764110</a></strong></p>\r\n\r\n<p>3. Akan muncul tampilan sebagai berikut, lalu pilih atau sentuh Logo <strong>CryptoTab</strong> pojok kiri bawah.</p>\r\n\r\n<p><img alt=\"CryptoTab Browser Pro MODBOYAPK.COM\" class=\"img-responsive\" src=\"http://localhost/ModBoyApps/source/APPS/CRYPTOTAB/CRYPTOTAB%201.png\" style=\"height:400px; width:200px\" /></p>\r\n\r\n<p>4. Pilih atau sentuh <strong>CryptoTab Dashboard</strong>.</p>\r\n\r\n<p>.<img alt=\"CryptoTab Browser Pro MODBOYAPK.COM\" class=\"img-responsive\" src=\"http://localhost/ModBoyApps/source/APPS/CRYPTOTAB/CRYPTOTAB%202.png\" style=\"height:400px; width:200px\" /></p>\r\n\r\n<p>5. Pilih atau sentuh <strong>Sign Up</strong> lalu <strong>Log In</strong> menggunakan akun <strong>gmail</strong> anda.</p>\r\n\r\n<p>. <img alt=\"CryptoTab Browser Pro MODBOYAPK.COM\" class=\"img-responsive\" src=\"http://localhost/ModBoyApps/source/APPS/CRYPTOTAB/CRYPTOTAB%203.png\" style=\"height:400px; width:200px\" /></p>\r\n\r\n<p>6. Untuk memulai Mining di di browser CryptoTab ini silahkan pilih atau sentuh <strong>TURN ON</strong>.</p>\r\n\r\n<p>. <img alt=\"CryptoTab Browser Pro MODBOYAPK.COM\" class=\"img-responsive\" src=\"http://localhost/ModBoyApps/source/APPS/CRYPTOTAB/CRYPTOTAB%204.png\" style=\"height:400px; width:200px\" /></p>\r\n\r\n<p>7. <strong>Slide Security Verification</strong> untuk menyatakan anda bukan robot.</p>\r\n\r\n<p><img alt=\"CryptoTab Browser Pro MODBOYAPK.COM\" class=\"img-responsive\" src=\"http://localhost/ModBoyApps/source/APPS/CRYPTOTAB/CRYPTOTAB%205.png\" style=\"height:400px; width:200px\" /></p>\r\n\r\n<p>8. Proses Mining Bitcoin sudah berjalan di Browser CryptoTab</p>\r\n\r\n<p>. <img alt=\"CryptoTab Browser Pro MODBOYAPK.COM\" class=\"img-responsive\" src=\"http://localhost/ModBoyApps/source/APPS/CRYPTOTAB/CRYPTOTAB%206.png\" style=\"height:400px; width:200px\" /></p>\r\n\r\n<p><strong><span style=\"font-size:16px\"><span style=\"color:#e74c3c\">*Note :<br />\r\nProses Mining akan berjalan selama tiga jam. Setelah waktu habis silahkan untuk melakukan kembali langkah ke-6</span>.</span></strong></p>\r\n\r\n<p><u><strong>*** TERIMA KASIH ***</strong></u></p>\r\n\r\n<p><a href=\"https://rebrand.ly/CryptoTab-Browser-Pro\"><strong>Download CryptoTab Browser Pro MOD APK v4-1-79-2479 | Tambang Bitcoin Gratis Sepuasnya Terbaru</strong></a></p>\r\n','https://rebrand.ly/CryptoTab-Browser-Pro','http://localhost/ModBoyApps/source/APPS/CRYPTOTAB/CRYPTOTAB.png',1,NULL,'download-cryptotab-browser-pro-mod-apk-v4-1-79-2479-tambang-bitcoin-gratis-sepuasnya-terbaru','C','2021-11-11','04:51:12','2021-11-20','09:26:42'),
(5,'0','','','appsv',2,'Apps','','app','http://localhost/ModBoyApps/source/APPS/05.jpg',0,NULL,'test','A','2021-11-11','04:51:12','2021-11-22','12:10:40'),
(6,'4,7,8','Head Soccer v6.14.2','Head Soccer game,Football,Sport,games,game downloads,download,downloads,play store','Head Soccer (MOD, Unlimited Money) memungkinkan Anda memenangkan kejuaraan dengan mudah.',1,'Head Soccer v6.14.2 MOD APK (Unlimited Money)','<p>&nbsp;<img alt=\"Head Soccer v6.14.2 MODBOYAPK.COM\" class=\"img-responsive\" src=\"http://localhost/ModBoyApps/source/GAMES/SPORTS/Head%20Soccer/Head%20Soccer%201.png\" style=\"height:225px; width:675px\" /></p>\r\n\r\n<table class=\"table table-borderless table-striped\" style=\"height:225px; width:675px\">\r\n	<tbody>\r\n		<tr>\r\n			<th>Nama Aplikasi</th>\r\n			<td>Head Soccer</td>\r\n		</tr>\r\n		<tr>\r\n			<th>Publisher</th>\r\n			<td>D&amp;D Dream</td>\r\n		</tr>\r\n		<tr>\r\n			<th>Genre</th>\r\n			<td>Sports</td>\r\n		</tr>\r\n		<tr>\r\n			<th>Size</th>\r\n			<td>142M</td>\r\n		</tr>\r\n		<tr>\r\n			<th>Versi Terakhi</th>\r\n			<td>6.14.2</td>\r\n		</tr>\r\n		<tr>\r\n			<th>MOD Info</th>\r\n			<td>Unlimited Money/Unlocked</td>\r\n		</tr>\r\n		<tr>\r\n			<th>Get it On</th>\r\n			<td><a href=\"https://play.google.com/store/apps/details?id=com.dnddream.headsoccer.android\" rel=\"nofollow\" target=\"_blank\"><img alt=\"Google Play\" src=\"https://moddroid.co/wp-content/themes/k/images/google-play.png\" style=\"height:1.5rem\" /> </a></td>\r\n		</tr>\r\n	</tbody>\r\n</table>\r\n\r\n<p style=\"text-align:center\"><a class=\"btn btn-info\" href=\"https://rebrand.ly/Head-Soccer\" style=\"padding: 10px 100px;\" target=\"_blank\">Download</a></p>\r\n\r\n<p>Apakah Anda Pengemar Sepakbola? <strong>Download Head Soccer v6.14.2 MOD APK (Money/Players) </strong>Sekarang!</p>\r\n\r\n<p style=\"text-align:left\">Uniknya disini adalah kamu tidak harus menggunakan kakimu untuk menendang bola seperti biasa, tapi game ini akan memberikanmu pengalaman yang seru dengan menendang bola dengan kepalamu. Pada awalnya, Anda mungkin sedikit terkejut, tetapi game ini layak untuk Anda uji.</p>\r\n\r\n<p style=\"text-align:left\"><img alt=\"Head Soccer v6.14.2 MODBOYAPK.COM\" class=\"img-responsive\" src=\"http://localhost/ModBoyApps/source/GAMES/SPORTS/Head%20Soccer/Head%20Soccer%202.Png\" style=\"height:225px; width:675px\" /></p>\r\n\r\n<p style=\"text-align:left\">Head Soccer adalah game simulasi olahraga yang dikembangkan dengan gameplay kasual dan menawan. Game ini merupakan salah satu gim sepak bola terpopuler saat ini dan tidak kalah jauh dengan gim seperti Dream League Soccer, FIFA 16 Ultimate, atau New Star Soccer. Di atas segalanya, ini adalah permainan sepak bola yang agak khusus dibandingkan dengan judul lainnya. Jarang sekali permainan sepak bola menggunakan kepala untuk bermain, jadi ini adalah fitur yang paling khas.</p>\r\n\r\n<p style=\"text-align:left\"><img alt=\"Head Soccer v6.14.2 MODBOYAPK.COM\" class=\"img-responsive\" src=\"http://localhost/ModBoyApps/source/GAMES/SPORTS/Head%20Soccer/Head%20Soccer%203.png\" style=\"height:225px; width:675px\" /></p>\r\n\r\n<p>Elemen yang membuat Head Soccer begitu hebat tidak dapat diabaikan dalam grafik 3D yang fantastis ini. Jujur, ini adalah game sepak bola paling minimalis sepanjang masa. Dari setiap detail penciptaan karakter dan warna dan kelucuan. Nikmati bermain kapan saja, di mana saja.</p>\r\n\r\n<p>Apakah anda ingin mendapatkan crypto gratis? silahkan download <a href=\"http://localhost/ModBoyApps/view/2/download-cryptotab-browser-pro-mod-apk-v4-1-79-2479-tambang-bitcoin-gratis-sepuasnya-terbaru\">CryptoTab Browser Pro di sini</a></p>\r\n\r\n<p><a href=\"https://rebrand.ly/Head-Soccer\">Download Head Soccer (MOD, Unlimited Money)</a></p>\r\n\r\n<p>Download juga:</p>\r\n\r\n<p><a href=\"http://localhost/ModBoyApps/view/1/download-captain-tsubasa-zero-mod-game-apk-terbaru\">Download Captain Tsubasa Zero: Kimero! Miracle Shot (MOD, Weak Enemies/High Player)</a></p>\r\n','https://rebrand.ly/Head-Soccer','http://localhost/ModBoyApps/source/GAMES/SPORTS/Head%20Soccer/Head%20Soccer.png',1,NULL,'download-head-soccer-game-mod-apk-terbaru','H','2021-11-11','04:51:12','2021-11-20','09:16:05'),
(7,'4,7','Hungry Shark World v4.5.0','Hungry Shark World,Hungry Shark World Game,hungry shark evolution,games,game,downloads,download,downloads,play store','Hungry Shark World (MOD, Unlimited Money) akan membiarkan pemain menjadi hiu lapar dan dalam permainan untuk melahap apa pun.',1,'Hungry Shark World v4.5.0 MOD APK (Unlimited Money)','<div class=\"align-items-center row\">\r\n<div class=\"col-12 col-md-4 text-center\"><span style=\"color:#000000\"><img alt=\"Hungry Shark World v4.5.0 MODBOYAPK.COM\" class=\"img-responsive\" src=\"http://localhost/ModBoyApps/source/GAMES/ARCADE/HUNGRY%20SHARK%20WORLD/HUNGRY%20SHARK%20WORLD.png\" style=\"height:225px; width:675px\" /></span></div>\r\n\r\n<div class=\"col-12 col-md-8\">\r\n<table class=\"table table-borderless table-striped\" style=\"height:225px; width:675px\">\r\n	<tbody>\r\n		<tr>\r\n			<th><span style=\"color:#000000\">Nama Aplikasi</span></th>\r\n			<td><span style=\"color:#000000\">Hungry Shark World</span></td>\r\n		</tr>\r\n		<tr>\r\n			<th><span style=\"color:#000000\">Publisher</span></th>\r\n			<td><span style=\"color:#000000\">Ubisoft Entertainment</span></td>\r\n		</tr>\r\n		<tr>\r\n			<th><span style=\"color:#000000\">Genre</span></th>\r\n			<td><span style=\"color:#000000\">Arcade</span></td>\r\n		</tr>\r\n		<tr>\r\n			<th><span style=\"color:#000000\">Size</span></th>\r\n			<td><span style=\"color:#000000\">120MB</span></td>\r\n		</tr>\r\n		<tr>\r\n			<th><span style=\"color:#000000\">Versi Terakhir</span></th>\r\n			<td><span style=\"color:#000000\">4.5.0</span></td>\r\n		</tr>\r\n		<tr>\r\n			<th><span style=\"color:#000000\">MOD Info</span></th>\r\n			<td><span style=\"color:#000000\">Unlimited Money</span></td>\r\n		</tr>\r\n		<tr>\r\n			<th><span style=\"color:#000000\">Get it On</span></th>\r\n			<td><a href=\"https://play.google.com/store/apps/details?id=com.ubisoft.hungrysharkworld\" rel=\"nofollow\" target=\"_blank\"><span style=\"color:#000000\"><img alt=\"Google Play\" src=\"https://moddroid.co/wp-content/themes/k/images/google-play.png\" style=\"height:1.5rem\" /> </span></a></td>\r\n		</tr>\r\n	</tbody>\r\n</table>\r\n</div>\r\n</div>\r\n\r\n<h5><span style=\"color:#000000\">Pemain Dapat Menjelajahi Fitur Laut yang Menarik</span></h5>\r\n\r\n<p><span style=\"color:#000000\">Awalnya, permainan ini dikembangkan untuk Nintendo GameCube dan kemudian dirilis untuk berbagai platform. Hungry Shark World menampilkan teknologi dan fitur terbaru dengan bantuan gambar dan suara paling inovatif yang dapat dibuat.</span></p>\r\n\r\n<h5><span style=\"color:#000000\">Kumpulkan Spesies Hiu yang Berbeda</span></h5>\r\n\r\n<p><span style=\"color:#000000\">Anda akan memiliki kemungkinan untuk ke laut, bertemu spesies yang berbeda, dan memiliki beberapa hiu yang paling kuat, bahkan predator lama. Kumpulkan hiu yang berbeda untuk dimasukkan ke dalam tim.</span></p>\r\n\r\n<p><span style=\"color:#000000\">Unit zona hiu dikategorikan ke dalam tujuh level dengan ukurannya yang berbeda, masing-masing dengan kekuatan ekstra dibandingkan dengan tingkat lainnya. Dengan banyak hiu berbeda, gamer dapat menilai kekuatan dan bakat pada spesies tertentu.</span></p>\r\n\r\n<h5><span style=\"color:#000000\">Dapatkan Kekuatan Baru saat Hiu Tumbuh</span></h5>\r\n\r\n<p><span style=\"color:#000000\">Saat hiu semakin besar, mereka akan mengubah berbagai evolusi, menghasilkan statistik dan kekuatan yang lebih tinggi. Tingkatkan hiu untuk kekuatan rahang yang lebih tinggi, berenang lebih cepat, dan memiliki perut dan mulut raksasa untuk menelan mangsa besar.</span></p>\r\n\r\n<p><span style=\"color:#000000\">Pemain akan dapat melengkapi aksesori yang tak terbayangkan pada hiu untuk kemampuan tambahan. Anda bahkan dapat memakainya jet unik dan mengirim Hiu untuk meledak di air dan terbang dari permukaan laut.</span></p>\r\n\r\n<p><span style=\"color:#000000\"><img alt=\"Hungry Shark World v4.5.0 MODBOYAPK.COM\" class=\"img-responsive\" src=\"http://localhost/ModBoyApps/source/GAMES/ARCADE/HUNGRY%20SHARK%20WORLD/HUNGRY%20SHARK%20WORLD%204.jpg\" style=\"height:225px; width:675px\" /></span></p>\r\n\r\n<h5><span style=\"color:#000000\">Akan atau Dibunuh di Lautan Berbahaya</span></h5>\r\n\r\n<p><span style=\"color:#000000\">Di air berbahaya dari laut dalam, hal-hal seringkali cukup berbahaya dan keras. Pemain dapat memilih untuk membunuh atau dibunuh oleh spesies lain. Biarkan naluri bertahan hidup anda memimpin saat berhadapan dengan beberapa makhluk paling berbahaya dan lezat.</span></p>\r\n\r\n<h5><span style=\"color:#000000\">Jelajahi Dunia Laut yang Luas</span></h5>\r\n\r\n<p><span style=\"color:#000000\">Di laut dalam, pemain dibawa ke dunia berbeda dengan lautan luas untuk dijelajahi. Pemain dapat melakukan perjalanan di antara puluhan planet dengan lokasi paling misterius, termasuk Kepulauan Pasifik, laut, samudra, samudra Sound China, dll.</span></p>\r\n\r\n<p><span style=\"color:#000000\"><img alt=\"Hungry Shark World v4.5.0 MODBOYAPK.COM\" class=\"img-responsive\" src=\"http://localhost/ModBoyApps/source/GAMES/ARCADE/HUNGRY%20SHARK%20WORLD/HUNGRY%20SHARK%20WORLD%201.jpg\" style=\"height:225px; width:675px\" /></span></p>\r\n\r\n<p>Apakah anda ingin mendapatkan crypto gratis? silahkan download <a href=\"http://localhost/ModBoyApps/view/2/download-cryptotab-browser-pro-mod-apk-v4-1-79-2479-tambang-bitcoin-gratis-sepuasnya-terbaru\">CryptoTab Browser Pro di sini</a></p>\r\n\r\n<p><a href=\"https://rebrand.ly/Hungry-shark-world\">Download Hungry Shark World v4.5.0 MOD APK (Unlimited Money)</a></p>\r\n','https://rebrand.ly/Hungry-shark-world','http://localhost/ModBoyApps/source/GAMES/ARCADE/HUNGRY%20SHARK%20WORLD/HUNGRY%20SHARK%20WORLD.png',1,NULL,'download-hungry-shark-world-game-mod-apk-terbaru','H','2021-11-11','04:51:12','2021-11-20','09:16:43'),
(8,'9','Oil Tycoon Gas Idle Factory v4.2.1','Oil Tycoon game,games,game downloads,download,downloads,play store','Pernahkah kamu bermimpi menambang minyak, membangun kerajaan minyakmu sendiri, dan menghasilkan miliaran dolar?',1,'Oil Tycoon: Gas Idle Factory v4.2.1 MOD APK (Unlimited Money)','<p><img alt=\"Oil Tycoon: Gas Idle Factory v4.2.1 MODBOYAPK.COM\" class=\"img-responsive\" src=\"http://localhost/ModBoyApps/source/GAMES/SIMULATION/Oil%20Tycoon%3A%20Gas%20Idle%20Factory/OIL%20TYCOON%203.png\" style=\"height:225px; width:250px\" /></p>\r\n\r\n<table class=\"table table-borderless table-striped\" style=\"height:225px; width:675px\">\r\n	<tbody>\r\n		<tr>\r\n			<th>Nama Aplikasi</th>\r\n			<td>Oil Tycoon: Gas Idle Factory</td>\r\n		</tr>\r\n		<tr>\r\n			<th>Publisher</th>\r\n			<td>Gismart</td>\r\n		</tr>\r\n		<tr>\r\n			<th>Genre</th>\r\n			<td>Simulation</td>\r\n		</tr>\r\n		<tr>\r\n			<th>Size</th>\r\n			<td>135M</td>\r\n		</tr>\r\n		<tr>\r\n			<th>Versi Terakhir</th>\r\n			<td>4.2.1</td>\r\n		</tr>\r\n		<tr>\r\n			<th>MOD Info</th>\r\n			<td>Unlimited Money</td>\r\n		</tr>\r\n		<tr>\r\n			<th>Get it On</th>\r\n			<td><a href=\"https://play.google.com/store/apps/details?id=net.alexplay.petroleum_tycoon\" rel=\"nofollow\" target=\"_blank\"><img alt=\"Google Play\" src=\"https://moddroid.co/wp-content/themes/k/images/google-play.png\" style=\"height:1.5rem\" /> </a></td>\r\n		</tr>\r\n	</tbody>\r\n</table>\r\n\r\n<p>Pernahkah kamu bermimpi menambang minyak, membangun kerajaan minyakmu sendiri, dan menghasilkan miliaran dolar? Sekarang, kamu bisa. Selamat datang di Oil Tycoon, permainan simulator penambang, ketika kamu menambang minyak di seluruh dunia, menjualnya,membangun pabrik gas pasif dan mengumpulkan kekayaan!<br />\r\n<br />\r\nPerjalananmu menuju kemakmuran dimulai di halaman belakangmu di mana kamu pertama kali menemukan minyak! Dari sana, dan dengan pompa pertamamu, kamu memulai misi sebagai penambang minyak. Oil Tycoon adalah permainan pasif yang keren, ketuk dan bangun kerajaan minyakmu perlahan-lahan hingga menjadi yang terbesar dari semuanya. Setelah berhasil menambang barel minyak bumimu yang pertama, waktunya untuk menjual dan mengadakan peningkatan, yang berarti kamu siap mengunjungi pasar saham. Di sini, kamu bisa memantau harga dan memastikan kamu menjual di waktu yang optimal untuk menghasilkan keuntungan!</p>\r\n\r\n<p><img alt=\"Oil Tycoon: Gas Idle Factory v4.2.1 MODBOYAPK.COM\" class=\"img-responsive\" src=\"http://localhost/ModBoyApps/source/GAMES/SIMULATION/Oil%20Tycoon%3A%20Gas%20Idle%20Factory/OIL%20TYCOON.png\" style=\"height:225px; width:260px\" /> <img alt=\"Oil Tycoon: Gas Idle Factory v4.2.1 MODBOYAPK.COM\" class=\"img-responsive\" src=\"http://localhost/ModBoyApps/source/GAMES/SIMULATION/Oil%20Tycoon%3A%20Gas%20Idle%20Factory/OIL%20TYCOON%202.png\" style=\"height:225px; width:260px\" /><br />\r\nSetelah kekayaanmu melebihi tambang emas, waktunya mengadakan peningkatan! Sekarang, kamu bisa memasang barel baru, memulai produksi gas, atau menjelajahi area baru dan terus menambang! Ada ribuan peningkatan dan proyek baru yang bisa kamu kerjakan, jika kamu bisa mengambil waktu luang dari kegiatan menambang.<br />\r\n<br />\r\nSeiring dengan perkembanganmu, kamu akan membuka lokasi-lokasi baru sambil terus menambang dan mengumpulkan kekayaan di seluruh dunia. Bayangkan membangun sebuah pabrik di pedalaman Siberia, memasang kilang gas di bawah laut, dan menyewa mesin bor bulan! Peluang untuk membangun kerajaan taipan milikmu tak berujung, dan batas satu-satunya adalah bakat bisnismu.</p>\r\n\r\n<p><img alt=\"Oil Tycoon: Gas Idle Factory v4.2.1 MODBOYAPK.COM\" class=\"img-responsive\" src=\"http://localhost/ModBoyApps/source/GAMES/SIMULATION/Oil%20Tycoon%3A%20Gas%20Idle%20Factory/OIL%20TYCOON%201.png\" style=\"height:225px; width:260px\" /></p>\r\n\r\n<p>Kamu akan menghasilkan miliaran dengan minyakmu, karena kini kamu memiliki segala yang dibutuhkan oleh seorang penambang minyak. Mulailah menambang, jual minyakmu, dan jadilah seorang Raja Minyak sejati.</p>\r\n\r\n<p>Apakah anda ingin mendapatkan crypto gratis? silahkan download <a href=\"http://localhost/ModBoyApps/view/2/download-cryptotab-browser-pro-mod-apk-v4-1-79-2479-tambang-bitcoin-gratis-sepuasnya-terbaru\">CryptoTab Browser Pro di sini</a></p>\r\n\r\n<p><a href=\"https://rebrand.ly/Oil-Tycoon\">Download Oil Tycoon (MOD, Unlimited Money)</a></p>\r\n','https://rebrand.ly/Oil-Tycoon','http://localhost/ModBoyApps/source/GAMES/SIMULATION/Oil%20Tycoon%3A%20Gas%20Idle%20Factory/OIL.jpg',1,NULL,'download-oil-tycoon-game-mod-apk-terbaru','O','2021-11-11','04:51:12','2021-11-20','09:17:06'),
(9,'4,7','The Battle Cats v10.10.0','The Battle Cats,The Battle Cats game,The Battle Cats mod,games,game downloads,download,downloads,play store','Apakah kamu suka kucing? Mari bergabung dengan The Battle Cats untuk bergabung dengan kucing lucu dalam pertempuran melindungi Bumi.',1,'The Battle Cats v10.10.0 MOD APK (Unlimited Money/Food/XP)','<p><img alt=\"The Battle Cats v10.10.0 MODBOYAPK.COM\" class=\"img-responsive\" src=\"http://localhost/ModBoyApps/source/GAMES/STRATEGY/THE%20BATTLE%20CATS/THE%20BATTLE%20CATS%201.png\" style=\"height:225px; width:675px\" /></p>\r\n\r\n<table class=\"table table-borderless table-striped\" style=\"height:225px; width:674px\">\r\n	<tbody>\r\n		<tr>\r\n			<th>Nama Aplikasi</th>\r\n			<td>The Battle Cats</td>\r\n		</tr>\r\n		<tr>\r\n			<th>Publisher</th>\r\n			<td>PONOS Corporation</td>\r\n		</tr>\r\n		<tr>\r\n			<th>Genre</th>\r\n			<td>Strategy</td>\r\n		</tr>\r\n		<tr>\r\n			<th>Size</th>\r\n			<td>80.3M</td>\r\n		</tr>\r\n		<tr>\r\n			<th>Versi Terakhir</th>\r\n			<td>10.10.0</td>\r\n		</tr>\r\n		<tr>\r\n			<th>MOD Info</th>\r\n			<td>Unlimited Money/XP/Food</td>\r\n		</tr>\r\n		<tr>\r\n			<th>Get it On</th>\r\n			<td><a href=\"https://play.google.com/store/apps/details?id=jp.co.ponos.battlecatsen\" rel=\"nofollow\" target=\"_blank\"><img alt=\"Google Play\" src=\"https://moddroid.co/wp-content/themes/k/images/google-play.png\" style=\"height:1.5rem\" /> </a></td>\r\n		</tr>\r\n	</tbody>\r\n</table>\r\n\r\n<h2>Memperkenalkan The Battle Cats</h2>\r\n\r\n<p>Apakah kamu suka kucing? Mari bergabung dengan The Battle Cats untuk bergabung dengan kucing lucu dalam pertempuran melindungi Bumi.</p>\r\n\r\n<p>Bumi sedang mengalami krisis ekonomi, dengan teroris adalah kucing yang telah menyerang Bumi dan membentuk rezim yang berkuasa. Mereka menempati semua pembangkit listrik tenaga nuklir dan mentransfer energi untuk menyediakan mesin waktu. Ini tidak mudah ketika dicegah dan diserang oleh banyak hewan lain.</p>\r\n\r\n<h5><img alt=\"The Battle Cats v10.10.0 MODBOYAPK.COM\" class=\"img-responsive\" src=\"http://localhost/ModBoyApps/source/GAMES/STRATEGY/THE%20BATTLE%20CATS/THE%20BATTLE%20CATS%203.png\" style=\"height:225px; width:675px\" /></h5>\r\n\r\n<h2>Gameplay sederhana</h2>\r\n\r\n<p>Iya. Mekanisme kontrol dalam The Battle Cats sangat sederhana. Seringkali di sebagian besar jenis permainan strategi mengharuskan Anda untuk menghitung strategi dan merencanakan dengan cermat. Game ini berbeda, game bergaya kartun lucu yang membuat segalanya begitu sederhana dan indah dari sebelumnya.</p>\r\n\r\n<p>Battle Cats adalah Game Pertahanan Menara, di mana Anda harus mempertahankan markas Anda oleh pasukan kucing dengan begitu banyak bentuk eksentrik yang belum pernah Anda lihat sebelumnya. Kucing yang berbeda memiliki kekuatan yang berbeda, jadi Anda harus membuat pilihan yang tepat. Musuh Anda adalah lawan yang sangat tangguh sehingga Anda harus tertawa. Mereka bisa menjadi anjing, ular, kuda nil, dll.</p>\r\n\r\n<p>Ketika hewan tampak bergerak menuju markas Anda, lama kelamaan Anda akan mengumpulkan sejumlah uang, cukup klik ikon kucing yang ingin Anda pilih. Saat muncul, kucing Anda akan secara otomatis terlibat dalam pertempuran dengan musuh yang mereka temui di jalan sampai mereka dikalahkan atau dibunuh. Jadi satu-satunya hal yang perlu Anda lakukan untuk menang adalah melihat hewan yang menyerang markas Anda memiliki kekuatan apa. Kemudian Anda dapat memilih kucing yang tepat yang memiliki kekuatan untuk melawan hewan lain.</p>\r\n\r\n<p>Ketika lawan Anda sudah terlalu padat dan uang Anda tidak cukup untuk memilih kucing, maka senjata khusus Anda adalah pilihan yang sangat tepat. Senjata khusus memungkinkan Anda menangani kerusakan yang sangat besar untuk membunuh sejumlah besar musuh di peta. Harta juga sangat penting yang perlu Anda kumpulkan sebanyak mungkin, ini membantu Anda membuat item yang sangat kuat dan meningkatkan kekokohan basis Anda.</p>\r\n\r\n<p><img alt=\"The Battle Cats v10.10.0 MODBOYAPK.COM\" class=\"img-responsive\" src=\"http://localhost/ModBoyApps/source/GAMES/STRATEGY/THE%20BATTLE%20CATS/THE%20BATTLE%20CATS%202.png\" style=\"height:225px; width:675px\" /></p>\r\n\r\n<h2>Beberapa poin penting</h2>\r\n\r\n<p>Satu hal yang menonjol dari game lain adalah jumlah karakternya. Di The Battle Cats, ada lebih dari 300 kucing dengan penampilan lucu yang bisa kamu pilih saat bertarung. Di setiap tahapan, Anda hanya dapat membawa 10 jenis kucing yang berbeda. Anda dapat membuat kucing lebih kuat dengan menaikkan levelnya. Saat Anda mencapai level 10, level tertinggi saat ini kucing Anda memiliki kekuatan yang luar biasa, jauh lebih besar dari level pertama.</p>\r\n\r\n<p>Namun, gim ini kurang interaksi antar pemain. Saya pikir game ini harus memiliki lebih banyak mode PvP yang memungkinkan pemain untuk menantang pemain lain dalam pertandingan 1v1, yang akan sangat menarik.</p>\r\n\r\n<p><img alt=\"The Battle Cats v10.10.0 MODBOYAPK.COM\" class=\"img-responsive\" src=\"http://localhost/ModBoyApps/source/GAMES/STRATEGY/THE%20BATTLE%20CATS/THE%20BATTLE%20CATS%204.png\" style=\"height:225px; width:675px\" /></p>\r\n\r\n<h2>Grafik</h2>\r\n\r\n<p>Dari segi grafis, The Battle Cats memiliki kesederhanaan di dalamnya dan tidak ada yang luar biasa tetapi itu membuat saya sangat bersemangat. Warna-warna dalam gim ini sangat cerah, hewan-hewan dirancang dengan beberapa sapuan dasar tetapi mereka terlihat cukup lucu dan aneh.</p>\r\n\r\n<p>Apakah anda ingin mendapatkan crypto gratis? silahkan download <a href=\"http://localhost/ModBoyApps/view/2/download-cryptotab-browser-pro-mod-apk-v4-1-79-2479-tambang-bitcoin-gratis-sepuasnya-terbaru\">CryptoTab Browser Pro di sini</a></p>\r\n\r\n<p><a href=\"https://rebrand.ly/The-Battle-Cats\">Download The Battle Cats v10.10.0 (MOD, Unlimited Money/Food/XP)</a></p>\r\n','https://rebrand.ly/The-Battle-Cats','http://localhost/ModBoyApps/source/GAMES/STRATEGY/THE%20BATTLE%20CATS/THE%20BATTLE%20CATS.png',1,NULL,'download-the-battle-cats-game-mod-apk-terbaru','T','2021-11-11','04:51:12','2021-11-20','09:17:27'),
(10,'4,7','Subway Surfers v2.25.1','Subway Surfers,Subway game,Subway Surfers download,games,game downloads,download,downloads,play store','Tujuan utama Anda saat bermain Subway Surfers adalah mengumpulkan koin sebanyak mungkin untuk membuka kunci karakter.',1,'Subway Surfers v2.25.1 MOD APK (Unlimited Money/Characters)','<p>&nbsp;<img alt=\"Subway Surfers v2.25.1 MODBOYAPK.COM\" class=\"img-responsive\" src=\"http://localhost/ModBoyApps/source/GAMES/ARCADE/SUBWAY%20SURFERS/SUBWAY%20SURFERS%201.jpg\" style=\"height:225px; width:270px\" /></p>\r\n\r\n<table class=\"table table-borderless table-striped\" style=\"height:225px; width:675px\">\r\n	<tbody>\r\n		<tr>\r\n			<th>Nama Aplikasi</th>\r\n			<td>Subway Surfers</td>\r\n		</tr>\r\n		<tr>\r\n			<th>Publisher</th>\r\n			<td>Kiloo</td>\r\n		</tr>\r\n		<tr>\r\n			<th>Genre</th>\r\n			<td>Arcade</td>\r\n		</tr>\r\n		<tr>\r\n			<th>Size</th>\r\n			<td>150M</td>\r\n		</tr>\r\n		<tr>\r\n			<th>Versi Terakhir</th>\r\n			<td>2.25.1</td>\r\n		</tr>\r\n		<tr>\r\n			<th>MOD Info</th>\r\n			<td>Unlimited Coins/Keys/All Characters</td>\r\n		</tr>\r\n		<tr>\r\n			<th>Get it On</th>\r\n			<td><a href=\"https://play.google.com/store/apps/details?id=com.kiloo.subwaysurf\" rel=\"nofollow\" target=\"_blank\"><img alt=\"Google Play\" src=\"https://moddroid.co/wp-content/themes/k/images/google-play.png\" style=\"height:1.5rem\" /> </a></td>\r\n		</tr>\r\n	</tbody>\r\n</table>\r\n\r\n<h2>Cara Permainan</h2>\r\n\r\n<p>Cara bermain Subway Surfers cukup mudah, misi dan alur permainannya jelas. tujuan dari game ini adalah mendapatkan poin tertinggi. Tantangannya, pemain harus melaju melewati berbagai rintangan agar tidak tertangkap oleh inspektur dan anjingnya. Untuk memudahkan pelajaran, anda dapat menggunakan jetpack untuk melewati tantangan, selain itu anda juga dapat membeli karakter lain, tetapi untuk mendapatkannya anda harus membayar dengan sejumlah uang di bagian store. subway surfers mod apk, jika menggunakan versi mod secara otomatis anda akan mendapatkan coins tak terbatas, yang bisa digunakan untuk mengupdate peralatan yang lebih memudahkan anda untuk mencapai tujuan. apk mod ini dapat anda dapatkan secara gratis.</p>\r\n\r\n<h2>Misi Subway Surfers</h2>\r\n\r\n<p>Misi dari permainan ini adalah mendapat skor tertinggi. Seorang pemain yang telah menyelesaikan misi akan mendapatkan dua puluh kali poin&nbsp; yang sama untuk jarak yang sama dengan seseorang yang belum melakukannya.</p>\r\n\r\n<p><img alt=\"Subway Surfers v2.25.1 MODBOYAPK.COM\" class=\"img-responsive\" src=\"http://localhost/ModBoyApps/source/GAMES/ARCADE/SUBWAY%20SURFERS/SUBWAY%20SURFERS%202.jpg\" style=\"height:225px; width:270px\" /> <img alt=\"Subway Surfers v2.25.1 MODBOYAPK.COM\" class=\"img-responsive\" src=\"http://localhost/ModBoyApps/source/GAMES/ARCADE/SUBWAY%20SURFERS/SUBWAY%20SURFERS%203.jpg\" style=\"height:225px; width:270px\" /></p>\r\n\r\n<h2>Banyak karakter lucu</h2>\r\n\r\n<p>Tujuan utama Anda saat bermain Subway Surfers adalah mengumpulkan koin sebanyak mungkin untuk membuka kunci karakter. Karakter pertama yang menemani Anda adalah Jake. Beberapa karakter yang tidak dapat Anda buka dengan koin, Anda harus membuka peti misterius, lalu mengambil item khusus.</p>\r\n\r\n<p>Apakah anda ingin mendapatkan crypto gratis? silahkan download <a href=\"http://localhost/ModBoyApps/view/2/download-cryptotab-browser-pro-mod-apk-v4-1-79-2479-tambang-bitcoin-gratis-sepuasnya-terbaru\">CryptoTab Browser Pro di sini</a></p>\r\n\r\n<p><img alt=\"Subway Surfers v2.25.1 MODBOYAPK.COM\" src=\"http://localhost/ModBoyApps/source/GAMES/ARCADE/SUBWAY%20SURFERS/SUBWAY%20SURFERS%204.jpg\" style=\"height:225px; width:270px\" /></p>\r\n\r\n<h2>Bepergian ke kota-kota besar di seluruh dunia</h2>\r\n\r\n<p>Subway Surfers mendesain game yang sangat indah, nyata dengan tampilan 3D. Latar belakang yang cerah dan berwarna-warni memberikan inspirasi tanpa akhir bagi para pemain. Khususnya, setelah pembaruan, seluruh game dari karakter, hoverboard, dan lanskap diubah menjadi festival di kota di seluruh dunia. Anda akan diperkenalkan dengan budaya berbagai negara.</p>\r\n\r\n<p><a href=\"https://rebrand.ly/Subway-Surfers\">Download Subway Surfers v2.25.1 MOD APK (Unlimited Money/Characters)</a></p>\r\n','https://rebrand.ly/Subway-Surfers','http://localhost/ModBoyApps/source/GAMES/ARCADE/SUBWAY%20SURFERS/SUBWAY%20SURFERS.png',1,NULL,'download-subway-surfers-game-mod-apk-terbaru','S','2021-11-11','04:51:12','2021-11-20','09:17:50'),
(11,'4,11,15','Candy Crush Saga v1.215.0.1','Candy Crush Saga,Candy Crush Soda Saga,king game,games,game downloads,download,downloads,play store','Candy Crush Saga adalah game puzzle legendaris yang sangat populer di Google play store.',1,'Candy Crush Saga v1.215.0.1 MOD APK (Unlimited Moves/Lives/All Level) ','<p>&nbsp;<img alt=\"Candy Crush Saga v1.215.0.1 MODBOYAPK.COM\" class=\"img-responsive\" src=\"http://localhost/ModBoyApps/source/GAMES/LOGIC/CANDY%20CRUSH%20SAGA%201.jpg\" style=\"height:225px; width:270px\" /></p>\r\n\r\n<table class=\"table table-borderless table-striped\" style=\"height:225px; width:675px\">\r\n	<tbody>\r\n		<tr>\r\n			<th>Nama Aplikasi</th>\r\n			<td>Candy Crush Saga</td>\r\n		</tr>\r\n		<tr>\r\n			<th>Publisher</th>\r\n			<td>King</td>\r\n		</tr>\r\n		<tr>\r\n			<th>Genre</th>\r\n			<td>Logic</td>\r\n		</tr>\r\n		<tr>\r\n			<th>Size</th>\r\n			<td>75.1M</td>\r\n		</tr>\r\n		<tr>\r\n			<th>Versi Terakhir</th>\r\n			<td>1.215.0.1</td>\r\n		</tr>\r\n		<tr>\r\n			<th>MOD Info</th>\r\n			<td>Unlimited Moves/Lives/All Level</td>\r\n		</tr>\r\n		<tr>\r\n			<th>Get it On</th>\r\n			<td><a href=\"https://play.google.com/store/apps/details?id=com.king.candycrushsaga\" rel=\"nofollow\" target=\"_blank\"><img alt=\"Google Play\" src=\"https://moddroid.co/wp-content/themes/k/images/google-play.png\" style=\"height:1.5rem\" /> </a></td>\r\n		</tr>\r\n	</tbody>\r\n</table>\r\n\r\n<h2>PERMAINAN</h2>\r\n\r\n<p>Candy Crush Saga adalah game puzzle legendaris yang sangat populer di Google play store. Jenis permainan ini sangat akrab bagi para gamer dan dapat dimainkan oleh segala usia. Pemain hanya perlu menyusun 3 permen dengan warna yang sama untuk sejajar satu sama lain atau membentuk bentuk L dengan 5 permen untuk membuat permen yang dibungkus meledak di permukaan yang besar.</p>\r\n\r\n<p><img alt=\"Candy Crush Saga v1.215.0.1 MODBOYAPK.COM\" class=\"img-responsive\" src=\"http://localhost/ModBoyApps/source/GAMES/LOGIC/CANDY%20CRUSH%20SAGA%202.jpg\" style=\"height:225px; width:675px\" /></p>\r\n\r\n<h2>SUARA GRAFIS</h2>\r\n\r\n<p>Dengan gaya artistik khusus, antarmuka grafis yang menarik akan mengesankan bagi pemain sejak saat permainan.Candy Crush Saga selalu memperbarui dan menyempurnakan detail audio serta antarmuka dalam game.&nbsp;Desain yang unik, suara yang hidup akan membantu pemain merasa nyaman dan ingin terus menaklukkan level berikutnya.&nbsp;Dapat dikatakan bahwa itu adalah poin paling menonjol dalam permainan.</p>\r\n\r\n<p>Apakah anda ingin mendapatkan crypto gratis? silahkan download <a href=\"http://localhost/ModBoyApps/view/2/download-cryptotab-browser-pro-mod-apk-v4-1-79-2479-tambang-bitcoin-gratis-sepuasnya-terbaru\">CryptoTab Browser Pro di sini</a></p>\r\n\r\n<h2>FITUR PERMAINAN</h2>\r\n\r\n<p>Candy Crush Saga memiliki fitur untuk membeli item dan digunakan dalam permainan. Dengan melewati tantangan yang sulit, gim ini akan memberi Anda hadiah menarik jika Anda mencapai skor tinggi dan Anda akan mendapatkan item untuk membantu Anda melewati misi.</p>\r\n\r\n<p><img alt=\"Candy Crush Saga v1.215.0.1 MODBOYAPK.COM\" class=\"img-responsive\" src=\"http://localhost/ModBoyApps/source/GAMES/LOGIC/CANDY%20CRUSH%20SAGA%204.jpg\" style=\"height:225px; width:675px\" /></p>\r\n\r\n<p><a href=\"https://rebrand.ly/download-6b3a7b\">Download Candy Crush Saga v1.215.0.1 MOD APK (Unlimited Moves/Lives/All Level) </a></p>\r\n','https://rebrand.ly/download-6b3a7b','http://localhost/ModBoyApps/source/GAMES/LOGIC/CANDY%20CRUSH%20SAGA.png',1,NULL,'download-candy-crush-saga-game-mod-apk-terbaru','C','2021-11-11','04:51:12','2021-11-20','09:18:23'),
(12,'4,7','Castle Defender v1.9.0','Castle Defender,games,game downloads,download,downloads,play store','Castle Defender Merupakan game bergenre Pertahanan Tower, game bergenre ini sudah lama berdiri di dunia game.',1,'Castle Defender v1.9.0 MOD APK (Unlimited Gold, GEM) ','<p>&nbsp;<img alt=\"Castle Defender v1.9.0 MODBOYAPK.COM\" class=\"img-responsive\" src=\"http://localhost/ModBoyApps/source/GAMES/STRATEGY/CASTLE%20DEFENDER/CASTLE%20DEFENDER%204.PNG\" style=\"height:225px; width:675px\" /></p>\r\n\r\n<table class=\"table table-borderless table-striped\" style=\"height:225px; width:675px\">\r\n	<tbody>\r\n		<tr>\r\n			<th>Nama Aplikasi</th>\r\n			<td>Castle Defender</td>\r\n		</tr>\r\n		<tr>\r\n			<th>Publisher</th>\r\n			<td>Unimob</td>\r\n		</tr>\r\n		<tr>\r\n			<th>Genre</th>\r\n			<td>Strategy</td>\r\n		</tr>\r\n		<tr>\r\n			<th>Size</th>\r\n			<td>90.4M</td>\r\n		</tr>\r\n		<tr>\r\n			<th>Versi Terakhir</th>\r\n			<td>1.9.0</td>\r\n		</tr>\r\n		<tr>\r\n			<th>MOD Info</th>\r\n			<td>Unlimited Gold, GEM</td>\r\n		</tr>\r\n		<tr>\r\n			<th>Get it On</th>\r\n			<td><a href=\"https://play.google.com/store/apps/details?id=com.unimob.castle.defender.heroes\" rel=\"nofollow\" target=\"_blank\"><img alt=\"Google Play\" src=\"https://moddroid.co/wp-content/themes/k/images/google-play.png\" style=\"height:1.5rem\" /> </a></td>\r\n		</tr>\r\n	</tbody>\r\n</table>\r\n\r\n<p>Castle Defender Merupakan game bergenre Pertahanan Tower, game bergenre ini sudah lama berdiri di dunia game. Game bergenre ini selalu disukai dan disambut baik oleh mereka yang menyukai genre game ini. Seperti game lain dengan genre yang sama, game ini juga akan memberikan pemain gameplay klasik, berfokus pada bertahan melawan serangan musuh. Namun, Castle Defender juga memiliki gameplay dan banyak fitur berbeda dari game lain. Alih-alih pemain harus meningkatkan menara atau struktur seperti pemain game lainnya, game ini akan meningkatkan Pahlawan menjadi lebih kuat.</p>\r\n\r\n<p>Castle Defender memiliki gameplay klasik yang mirip dengan game bergenre pertahanan. Misi Anda adalah membangun menara, memanggil pahlawan, terus meningkatkannya untuk menahan serangan berbahaya dari musuh. Pahlawan ini juga memiliki keterampilan unik, pemain dapat dengan mudah mengaktifkan keterampilan ini melalui layar ponsel. Dengan manipulasi sederhana seperti sentuhan dan gesekan, pemain dapat mengeluarkan keterampilan yang kuat dengan efisiensi tinggi.</p>\r\n\r\n<p><img alt=\"Castle Defender v1.9.0 MODBOYAPK.COM\" class=\"img-responsive\" src=\"http://localhost/ModBoyApps/source/GAMES/STRATEGY/CASTLE%20DEFENDER/CASTLE%20DEFENDER%201.jpg\" style=\"height:225px; width:675px\" /></p>\r\n\r\n<p>Dengan genre game ini, jumlah level dengan berbagai tingkat kesulitan menjadi salah satu poin yang paling menarik. Dengan lebih dari 250 level, pemain dapat bertarung dengan nyaman dan siap menghancurkan semua monster yang selalu ingin menyerang kastil Anda. Gim ini juga memberi Anda banyak mode gim yang berbeda, memungkinkan pemain bertarung dengan banyak gaya berbeda. Dengan banyak level dan mode permainan yang berbeda, mengharuskan pemain untuk menguasai banyak gaya bertarung. Tidak hanya itu, pemain juga harus mengupgrade hero menjadi lebih kuat untuk membantu pemain melewati level dengan lebih mudah.</p>\r\n\r\n<p><img alt=\"Castle Defender v1.9.0 MODBOYAPK.COM\" class=\"img-responsive\" src=\"http://localhost/ModBoyApps/source/GAMES/STRATEGY/CASTLE%20DEFENDER/CASTLE%20DEFENDER%203.jpg\" style=\"height:225px; width:675px\" /></p>\r\n\r\n<p><a href=\"https://rebrand.ly/Castle-Defender\">Download Castle Defender v1.9.0 MOD APK (Unlimited Gold, GEM)</a></p>\r\n','https://rebrand.ly/Castle-Defender','http://localhost/ModBoyApps/source/GAMES/STRATEGY/CASTLE%20DEFENDER/CASTLE%20DEFENDER.png',1,NULL,'download-castle-defender-game-mod-apk-terbaru','C','2021-11-12','21:29:51','2021-11-20','09:21:14'),
(13,'4,7','Worms Zone.io v2.3.4-c','wormszone,wormszone.io,snake game,games,game downloads,download,downloads,play store','Worms Zone io, game cacing yang saat ini tengah naik daun dan menjadi game populer dikalangan para pencinta game.',1,'Worms Zone.io v2.3.4-c MOD APK (Unlimited Coins/Skins Unlock)','<p>&nbsp;<img alt=\"Worms Zone.io v2.3.4-c MODBOYAPK.COM\" class=\"img-responsive\" src=\"http://localhost/ModBoyApps/source/GAMES/ARCADE/WORMS%20ZONE%20IO/WORMS%20ZONE-IO.png\" style=\"height:225px; width:675px\" /></p>\r\n\r\n<table class=\"table table-borderless table-striped\" style=\"height:225px; width:675px\">\r\n	<tbody>\r\n		<tr>\r\n			<th>Nama Aplikasi</th>\r\n			<td>Worms Zone.io &ndash; Voracious Snake</td>\r\n		</tr>\r\n		<tr>\r\n			<th>Publisher</th>\r\n			<td>CASUAL AZUR GAMES</td>\r\n		</tr>\r\n		<tr>\r\n			<th>Genre</th>\r\n			<td>Arcade</td>\r\n		</tr>\r\n		<tr>\r\n			<th>Size</th>\r\n			<td>63.3M</td>\r\n		</tr>\r\n		<tr>\r\n			<th>Versi Terakhir</th>\r\n			<td>2.3.4-c</td>\r\n		</tr>\r\n		<tr>\r\n			<th>MOD Info</th>\r\n			<td>Unlimited Coins/Skins Unlocked</td>\r\n		</tr>\r\n		<tr>\r\n			<th>Get it On</th>\r\n			<td><a href=\"https://play.google.com/store/apps/details?id=com.wildspike.wormszone&amp;hl=en\" rel=\"nofollow\" target=\"_blank\"><img alt=\"Google Play\" src=\"https://moddroid.co/wp-content/themes/k/images/google-play.png\" style=\"height:1.5rem\" /> </a></td>\r\n		</tr>\r\n	</tbody>\r\n</table>\r\n\r\n<p>Worms Zone io, game cacing yang saat ini tengah naik daun dan menjadi game populer dikalangan para pecinta game. Dimana-mana banyak orang yang memainkan game cacing Worms Zone io. Tampilannya yang sederhana namun dengan grafik yang halus dan mudah untuk dimainkan, membuat game ini banyak disukai baik dikalangan anak-anak maupun orang dewasa. Bikin ketagihan, itulah yang dirasakan oleh para pemain game Worms Zone io.</p>\r\n\r\n<p>Tidak heran jika game ini menjadi game yang paling banyak dicari untuk saat ini. Yah, permainan yang sederhana dengan kontrol yang mudah, selalu membuat ketagihan bermain kembali untuk menjadi cacing yang terbesar. Worms Zone io merupakan game zona cacing, dimana para playernya di berikan tugas untuk mengontrol seekor cacing kecil supaya dapat menjadi besar. Agar cacing tersebut manjadi besar, yaitu dengan makan sebanyak-banyaknya. Dengan begitu cacing yang sobat kendalikan akan menjadi cacing raksasa.</p>\r\n\r\n<p><img alt=\"Worms Zone.io v2.3.4-c MODBOYAPK.COM\" class=\"img-responsive\" src=\"http://localhost/ModBoyApps/source/GAMES/ARCADE/WORMS%20ZONE%20IO/WORMS%20ZONE-IO%201.png\" style=\"height:225px; width:675px\" /></p>\r\n\r\n<p>Walau terbilang sederhana dan mudah untuk dimainkan, namun kalian juga harus berhati-hati sobat. Karena jika sampai menabrak cacing lain, maka cacing kalian akan mati dan permainan selesai. Dan yang bikin kesal lagi adalah, sobat harus mengulangnya dari awal. Jika harus mengulang dari awal, tentu akan memakan waktu untuk dapat kembali membesarkan cacing tersebut. Itupun jika kita dapat bertahan dan tidak menabrak kembali cacing yang lain.</p>\r\n\r\n<p>Namun untuk sekarang sobat tidak perlu khawatir lagi akan hal itu. Karena dengan informasi yang akan mimin bagikan, dapat membantu sobat para pecinta game cacing. Yaitu cara Cheat dengan Worms Zone io Mod Apk supaya sobat tidak perlu lagi mengulang permainan dari awal. Dengan Worms Zone io Mod Apk ini sobat akan dapat mempunyai koin atau money tidak terbatas. Dengan demikian jika cacing sobat yang sudah sangat besar menabrak lalau mati, sobat dapat membeli cacing dengan bobot dan besar yang sama (Cacing langsung besar). Jadi sobat tidak perlu lagi capek-capek mengulang dari awal.</p>\r\n\r\n<p><a href=\"https://rebrand.ly/Worms-Zone-Io\"><span style=\"color:#3498db\">Download Worms Zone.io v2.3.4-c MOD APK (Unlimited Coins/Skins Unlock)</span></a></p>\r\n','https://rebrand.ly/Worms-Zone-Io','http://localhost/ModBoyApps/source/GAMES/ARCADE/WORMS%20ZONE%20IO/WORMS%20ZONE-IO.png',1,NULL,'download-worms-zone.io-game-mod-apk-terbaru','W','2021-11-12','22:52:51','2021-11-20','09:21:37'),
(14,'4,7,14','Harry Potter Hogwarts Mystery v3.8.1','Harry Potter Hogwarts Mystery,Harry Potter,hogwarts,harry potter game,games,game downloads,download,downloads,play store','Harry Potter: Hogwarts Mystery gim yang berbentuk petualangan. Kelas mana yang sesuai? Gryffindor, Hufflepuff, Ravenclaw, atau Slytherin, semua bisa diwujudkan.',1,'Harry Potter: Hogwarts Mystery v3.8.1 MOD APK (Menu/Free Energy)','<p><img alt=\"Harry Potter: Hogwarts Mystery v3.8.1 MODBOYAPK.COM\" class=\"img-responsive\" src=\"http://localhost/ModBoyApps/source/GAMES/RPG/HARRY%20POTTER%20HONGWARTS%20MYSTERY/HARRY%20POTTER%201.png\" style=\"height:225px; width:675px\" /></p>\r\n\r\n<table class=\"table table-borderless table-striped\" style=\"height:225px; width:675px\">\r\n	<tbody>\r\n		<tr>\r\n			<th>Nama Aplikasi</th>\r\n			<td>Harry Potter: Hogwarts Mystery</td>\r\n		</tr>\r\n		<tr>\r\n			<th>Publisher</th>\r\n			<td>Jam City</td>\r\n		</tr>\r\n		<tr>\r\n			<th>Genre</th>\r\n			<td>RPG</td>\r\n		</tr>\r\n		<tr>\r\n			<th>Size</th>\r\n			<td>147.8M</td>\r\n		</tr>\r\n		<tr>\r\n			<th>Versi Terakhir</th>\r\n			<td>3.8.1</td>\r\n		</tr>\r\n		<tr>\r\n			<th>MOD Info</th>\r\n			<td>Menu/Free Energy</td>\r\n		</tr>\r\n		<tr>\r\n			<th>Get it On</th>\r\n			<td><a href=\"https://play.google.com/store/apps/details?id=com.tinyco.potter\" rel=\"nofollow\" target=\"_blank\"><img alt=\"Google Play\" src=\"https://moddroid.co/wp-content/themes/k/images/google-play.png\" style=\"height:1.5rem\" /> </a></td>\r\n		</tr>\r\n	</tbody>\r\n</table>\r\n\r\n<p>Harry Potter: Hogwarts Mystery gim yang berbentuk petualangan. Di mana pengguna akan menjadi seseorang yang mendapatkan undangan dari Hogwarts, kemudian harus melewati serangkaian tes seperti tes dengan topi seleksi. Mana kelas yang sesuai? Gryffindor, Hufflepuff, Ravenclaw, atau Slytherin, semua bisa diwujudkan.</p>\r\n\r\n<h2><strong>Fitur-Fitur Gim Hogwarts Harry Potter Mystery</strong></h2>\r\n\r\n<p>Ada beberapa fitur yang diberikan oleh gim Harry Potter Hogwarts Mystery dan bisa dinikmati secara utuh oleh pengguna. Fitur-fitur itu antara lain sebagai berikut:</p>\r\n\r\n<ul>\r\n	<li>\r\n	<h3><strong>Modifikasi wajah dan penampilan</strong></h3>\r\n	</li>\r\n</ul>\r\n\r\n<p>Di awal penampilan, pengguna bisa memodifikasi wajah, gender, dan penampilan. Mau jadi penyihir wanita atau lelaki, semua bisa. Mau jadi rapi seperti Draco Malfoy, aneh seperti Luna Lovegood, atau sedikit kacau seperti Fred dan George, semua bisa dilakukan oleh pemain.</p>\r\n\r\n<p>Pengguna juga bisa menggunakan aksesori misalnya anting, kacamata, dan sebagainya. Sayangnya, tidak semua items gratis. Beberapa items berbayar dan pengguna harus menyelesaikan misi-misi atau bayar dengan kartu kredit.</p>\r\n\r\n<ul>\r\n	<li>\r\n	<h3><strong>Energi</strong></h3>\r\n	</li>\r\n</ul>\r\n\r\n<p>Energi adalah hal paling penting dalam <em>gameplay.</em> Di awal permainan, pengguna akan diberikan energi sebanyak dua puluh lima (penuh). Lama-kelamaan, energi akan habis saat merampungkan misi atau cerita.</p>\r\n\r\n<p>Untuk bisa mendapatkan kembali satu energi, pengguna wajib menunggu selama satu menit. Jika mau memenuhi <em>energy bar,</em> otomatis harus menunggu selama 100 menit atau satu setengah jam lebih.</p>\r\n\r\n<p><img alt=\"Harry Potter: Hogwarts Mystery v3.8.1 MODBOYAPK.COM\" class=\"img-responsive\" src=\"http://localhost/ModBoyApps/source/GAMES/RPG/HARRY%20POTTER%20HONGWARTS%20MYSTERY/HARRY%20POTTER%203.png\" style=\"height:225px; width:675px\" /></p>\r\n\r\n<ul>\r\n	<li>\r\n	<h3><strong>Misi</strong></h3>\r\n	</li>\r\n</ul>\r\n\r\n<p>Pengguna akan mendapatkan misi-misi tertentu, yang terbagi dalam <em>chapter </em>demi <em>chapter.</em> Jangan lupa buat menyelesaikan misi agar bisa segera menamatkan gim dan mengobati rindu sama Harry Potter.</p>\r\n\r\n<p>Selain itu, perhatikan betul dialog dan juga kisah yang diberikan di setiap <em>chapter. </em>Banyak pemain yang malas membaca, padahal, di baliknya tersimpan banyak petunjuk buat menyelesaikan misi.</p>\r\n\r\n<p><img alt=\"Harry Potter: Hogwarts Mystery v3.8.1 MODBOYAPK.COM\" class=\"img-responsive\" src=\"http://localhost/ModBoyApps/source/GAMES/RPG/HARRY%20POTTER%20HONGWARTS%20MYSTERY/HARRY%20POTTER%202.png\" style=\"height:225px; width:675px\" /></p>\r\n\r\n<h2><strong>Gameplay Harry Potter Hogwarts Mystery</strong></h2>\r\n\r\n<p>Ketika pengguna memainkan gim ini, maka, pengguna harus menonton dialog demi dialog demi mendapatkan misi dan merampungkannya. Semakin rumit misi, semakin mudah energi habis. Namun, apabila berhasil merampungkan misi, maka pengguna akan mendapatkan koin, energi.</p>\r\n\r\n<p>Sekadar tambahan, gim ini mengambil waktu beberapa tahun setelah Tom Marvolo Riddle alias Lord Voldemort membunuh kedua orang tua Harry. Jadi, pengguna menjadi murid Hogwarts jauh sebelum Harry masuk. Misinya pun bukan misi untuk membunuh Lord Voldemort.</p>\r\n\r\n<p><a href=\"https://rebrand.ly/download-366e6e\">Download Harry Potter: Hogwarts Mystery v3.8.1 MOD APK (Menu/Free Energy)</a></p>\r\n','https://rebrand.ly/download-366e6e','http://localhost/ModBoyApps/source/GAMES/RPG/HARRY%20POTTER%20HONGWARTS%20MYSTERY/HARRY%20POTTER.png',1,NULL,'download-harry-potter-hogwarts-mystery-game-mod-apk-terbaru','H','2021-11-12','23:51:33','2021-11-20','09:22:02'),
(15,NULL,'JOOX Music v6.3.0','download joox,joox mod apk,joox,joox apk,download joox mod,joox music,joox premium,joox mod,modboyapk.com,download joox apk v6.3.0','Aplikasi musik streaming JOOX ada di sini untuk diunduh. Ini adalah aplikasi pemutar musik GRATIS dengan lirik untuk semua pecinta musik lokal untuk streaming.',2,'JOOX Music v6.3.0 APK + MOD (VIP Unlocked)','<p>&nbsp;<img alt=\"JOOX_v6.3.0 MODBOYAPK.COM\" class=\"img-responsive\" src=\"http://localhost/ModBoyApps/source/APPS/JOOX/JOOX.png\" style=\"height:200px; width:200px\" /></p>\r\n\r\n<table class=\"table table-borderless table-striped\" style=\"height:225px; width:675px\">\r\n	<tbody>\r\n		<tr>\r\n			<th>App Name</th>\r\n			<td>JOOX Music</td>\r\n		</tr>\r\n		<tr>\r\n			<th>Publisher</th>\r\n			<td>Tencent</td>\r\n		</tr>\r\n		<tr>\r\n			<th>Genre</th>\r\n			<td>Music - Audio</td>\r\n		</tr>\r\n		<tr>\r\n			<th>Size</th>\r\n			<td>100MB</td>\r\n		</tr>\r\n		<tr>\r\n			<th>Latest Version</th>\r\n			<td>6.8.1</td>\r\n		</tr>\r\n		<tr>\r\n			<th>MOD Info</th>\r\n			<td>VIP Unlocked</td>\r\n		</tr>\r\n		<tr>\r\n			<th>Get it On</th>\r\n			<td><a href=\"https://play.google.com/store/apps/details?id=com.tencent.ibg.joox&amp;hl=en\" rel=\"nofollow\" target=\"_blank\"><img alt=\"Google Play\" src=\"https://moddroid.co/wp-content/themes/k/images/google-play.png\" style=\"height:1.5rem\" /> </a></td>\r\n		</tr>\r\n	</tbody>\r\n</table>\r\n\r\n<p>Aplikasi musik streaming JOOX ada di sini untuk diunduh. Ini adalah aplikasi pemutar musik GRATIS dengan lirik untuk semua pecinta musik lokal untuk streaming. Dengan lebih dari 40 juta lagu dari seluruh dunia di perpustakaan musiknya. Dengarkan stasiun radio favorit Anda. Nikmati dan bagikan video, karaoke, dan musik yang sedang tren dengan teman-teman. Unduh aplikasi JOOX di perangkat seluler atau tablet Android Anda, untuk pecinta musik sejati.</p>\r\n\r\n<p><img alt=\"JOOX_v6.3.0 MODBOYAPK.COM\" src=\"http://localhost/ModBoyApps/source/APPS/JOOX/joox1.jpg\" style=\"height:399px; width:200px\" />&nbsp;<img alt=\"JOOX_v6.3.0 MODBOYAPK.COM\" src=\"http://localhost/ModBoyApps/source/APPS/JOOX/joox2.jpg\" style=\"height:399px; width:200px\" /></p>\r\n\r\n<p><img alt=\"JOOX_v6.3.0 MODBOYAPK.COM\" src=\"http://localhost/ModBoyApps/source/APPS/JOOX/joox3.jpg\" style=\"height:399px; width:200px\" /> <img alt=\"JOOX_v6.3.0 MODBOYAPK.COM\" src=\"http://localhost/ModBoyApps/source/APPS/JOOX/joox4.jpg\" style=\"height:399px; width:200px\" /></p>\r\n\r\n<p><strong>Free Features:</strong></p>\r\n\r\n<ul>\r\n	<li><em>Huge Library &ndash; Instantly access music from all over the world</em></li>\r\n	<li><em>JOOX Radio &ndash; Access over 50 radios with an immense number of songs</em></li>\r\n	<li><em>Recommended Playlists &ndash; Find playlists recommended by us, with songs to fit your mood</em></li>\r\n	<li><em>Personalized Music &ndash; Customize your playlists with your favorite songs for every occasion</em></li>\r\n	<li><em>Real-Time Sharing &ndash; Share your songs with WeChat friends and on your Moments</em></li>\r\n	<li><em>Live Broadcasting &ndash; Get closer to your favorite artist in JOOX Live</em></li>\r\n</ul>\r\n\r\n<p><strong>Mod Features:</strong></p>\r\n\r\n<ul>\r\n	<li><em>Unlimited skips &raquo; Get JOOX VIP to enjoy unlimited song skips.</em></li>\r\n	<li><em>Ad-free &raquo; Listen to music without ads.</em></li>\r\n	<li><em>Offline listening &raquo; Enjoy songs downloaded as often as you want.</em></li>\r\n	<li><em>Quality streaming &raquo; Immerse yourself with CD sound quality songs.</em></li>\r\n	<li><em>Play on demand &raquo; Play any songs, any time.</em></li>\r\n</ul>\r\n\r\n<p><strong>Cara Install:</strong></p>\r\n\r\n<ol>\r\n	<li>Download <strong>JOOX VIP Apk</strong> melalui link di bawah.</li>\r\n	<li>Ijinkan pemasangan &ldquo;Sumber Tidak Diketahui / Unknown Source&rdquo;.</li>\r\n	<li>Jika ada versi lama, silakan uninstall terlebih dahulu.</li>\r\n	<li>Install aplikasi.</li>\r\n	<li>Pastikan memilih Sign Up atau Daftar, yaitu dengan klik Email atau Phone<strong>.</strong></li>\r\n	<li>Isi data email atau no hp.</li>\r\n	<li>Selesaikan proses Sign Up.</li>\r\n	<li>Selesai. Enjoy VIP!</li>\r\n</ol>\r\n\r\n<p><a href=\"https://rebrand.ly/JOOX-Music\">Download JOOX Music (MOD, VIP Unlocked)</a></p>\r\n','https://rebrand.ly/JOOX-Music','http://localhost/ModBoyApps/source/APPS/JOOX/JOOX.png',1,NULL,'joox-music-v6.3.0-apk-mod-vip-unlocked','J','2021-11-14','03:55:57','2021-11-20','09:27:02'),
(16,'7','Criminal Case v2.38.2','Criminal case, Criminal case game, games, game downloads, download, downloads','Criminal Case Mod - games petualangan objek tersembunyi, Bergabunglah dengan Polisi Grimsborough untuk menyelesaikan serangkaian kasus pembunuhan.',1,'Criminal Case v2.38.2 MOD APK (Unlimited Energy/Hints)','<p>&nbsp;<img alt=\"Criminal Case v2.38.2 MODBOYAPK.COM\" class=\"img-responsive\" src=\"http://localhost/ModBoyApps/source/GAMES/SIMULATION/Criminal%20Case/CRIMINAL%20CASE%201.jpg\" style=\"height:225px; width:675px\" /></p>\r\n\r\n<table class=\"table table-borderless table-striped\" style=\"height:225px; width:675px\">\r\n	<tbody>\r\n		<tr>\r\n			<th>Nama Aplikasi</th>\r\n			<td>Criminal Case</td>\r\n		</tr>\r\n		<tr>\r\n			<th>Publisher</th>\r\n			<td>Pretty Simple</td>\r\n		</tr>\r\n		<tr>\r\n			<th>Genre</th>\r\n			<td>Simulation</td>\r\n		</tr>\r\n		<tr>\r\n			<th>Size</th>\r\n			<td>62.8M</td>\r\n		</tr>\r\n		<tr>\r\n			<th>Versi Terakhir</th>\r\n			<td>2.38.2</td>\r\n		</tr>\r\n		<tr>\r\n			<th>MOD Info</th>\r\n			<td>Unlimited Energy/Hints</td>\r\n		</tr>\r\n		<tr>\r\n			<th>Get it On</th>\r\n			<td><a href=\"https://play.google.com/store/apps/details?id=com.prettysimple.criminalcaseandroid&amp;hl=en\" rel=\"nofollow\" target=\"_blank\"><img alt=\"Google Play\" src=\"https://moddroid.co/wp-content/themes/k/images/google-play.png\" style=\"height:1.5rem\" /> </a></td>\r\n		</tr>\r\n	</tbody>\r\n</table>\r\n\r\n<p>Criminal Case - game petualangan objek tersembunyi, Bergabunglah dengan Polisi Grimsborough untuk menyelesaikan serangkaian kasus pembunuhan.</p>\r\n\r\n<p>Selidiki TKP untuk mencari petunjuk, bawa tersangka untuk diinterogasi dan analisis bukti untuk menangkap para pembunuh. Apakah Anda siap untuk membuktikan keterampilan detektif Anda?</p>\r\n\r\n<p><img alt=\"Criminal Case v2.38.2 MODBOYAPK.COM\" class=\"img-responsive\" src=\"http://localhost/ModBoyApps/source/GAMES/SIMULATION/Criminal%20Case/CRIMINAL%20CASE%202.jpg\" style=\"height:225px; width:675px\" /></p>\r\n\r\n<p>FITUR:<br />\r\n&bull; Selidiki TKP di kota yang suram dan korup<br />\r\n&bull; Bermainlah dengan teman-teman Anda untuk menjadi detektif terbaik yang pernah ada<br />\r\n&bull; Periksa petunjuk dan analisis sampel untuk mencari bukti<br />\r\n&bull; Menginterogasi saksi dan tersangka<br />\r\n&bull; Bawa si pembunuh ke pengadilan</p>\r\n\r\n<p><a href=\"https://rebrand.ly/Criminal-Case\">Download<span style=\"color:#3498db\"> </span>Criminal Case v2.38.2 MOD APK (Unlimited Energy/Hints)</a></p>\r\n','https://rebrand.ly/Criminal-Case','http://localhost/ModBoyApps/source/GAMES/SIMULATION/Criminal%20Case/CRIMINAL%20CASE.png',1,NULL,'download-criminal-case-game-mod-apk-terbaru','C','2021-11-16','20:28:40','2021-11-20','09:22:45'),
(17,'9','My Home Design Story','My Home Design Story,My Home Design Story game,My Home Design Story download,games,game downloads,download,downloads,play store','My Home Design Story gim dekorasi rumah dan mengubahnya menjadi rumah impian.',1,'My Home Design Story v1.3.80 MOD APK (Unlimited Money)','<p><img alt=\"My Home Design Story MODBOYAPK.COM\" class=\"img-responsive\" src=\"http://localhost/ModBoyApps/source/GAMES/SIMULATION/My%20Home%20Design%20Story/My%20Home%20Design%20Story%203.png\" style=\"height:225px; width:675px\" />&nbsp;</p>\r\n\r\n<table class=\"table table-borderless table-striped\" style=\"height:225px; width:675px\">\r\n	<tbody>\r\n		<tr>\r\n			<th>Nama Aplikasi</th>\r\n			<td>My Home Design Story</td>\r\n		</tr>\r\n		<tr>\r\n			<th>Publisher</th>\r\n			<td>CookApps</td>\r\n		</tr>\r\n		<tr>\r\n			<th>Genre</th>\r\n			<td>Simulation</td>\r\n		</tr>\r\n		<tr>\r\n			<th>Size</th>\r\n			<td>70.8M</td>\r\n		</tr>\r\n		<tr>\r\n			<th>Versi Terakhir</th>\r\n			<td>1.3.80</td>\r\n		</tr>\r\n		<tr>\r\n			<th>MOD Info</th>\r\n			<td>Unlimited Money</td>\r\n		</tr>\r\n		<tr>\r\n			<th>Get it On</th>\r\n			<td><a href=\"https://play.google.com/store/apps/details?id=com.cookapps.homedesignny&amp;hl=en\" rel=\"nofollow\" target=\"_blank\"><img alt=\"Google Play\" src=\"https://moddroid.co/wp-content/themes/k/images/google-play.png\" style=\"height:1.5rem\" /> </a></td>\r\n		</tr>\r\n	</tbody>\r\n</table>\r\n\r\n<h2>Cerita ada di tangan Pemain</h2>\r\n\r\n<p>Cocokkan balok, mainkan dengan booster bertema, dan tentukan pilihan Anda dari lusinan opsi dekorasi untuk membantu Donna merenovasi dan mendesain ulang propertinya di New York City dan mengubahnya menjadi rumah impian! Tapi itu baru permulaan!<br />\r\nIkuti kisah romantis otome yang penuh liku-liku, dan buat keputusan yang akan mengubah masa depan Donna! Apakah Anda akan memilih raja properti kaya Grey, atau Ryan yang manis yang mengikuti impian desain interiornya? Orang-orang ini bisa menjadi saudara terbaik atau saudara ipar Anda! Dalam My Home Design, pilihan dan keputusan Anda di setiap episode akan menentukan dengan siapa Donna akan berakhir, jadi pikirkan baik-baik setiap pilihan!</p>\r\n\r\n<p><img alt=\"My Home Design Story MODBOYAPK.COM\" class=\"img-responsive\" src=\"http://localhost/ModBoyApps/source/GAMES/SIMULATION/My%20Home%20Design%20Story/My%20Home%20Design%20Story%205.png\" style=\"height:225px; width:675px\" /></p>\r\n\r\n<h2>Ikuti Donna dalam pencariannya untuk pasangan yang sempurna</h2>\r\n\r\n<p>Sebagai penulis esai yang hot dan trending di New York, Donna tampak seperti sedang menjalani mimpinya. Artikel-artikelnya tentang kehidupan lajang di New York laris manis; saudara laki-laki yang memiliki properti jatuh pada diri mereka sendiri untuk berkencan dengannya; tidak ada satu pun restoran yang layak dikunjungi, merek yang layak dibeli, atau orang yang layak ditemui yang belum pernah dikenalnya dengan senang hati; dan dia tidak pernah mendapat tawaran pekerjaan lebih dari sekarang. Namun, semua prioritasnya berubah saat dia mengetahui bahwa dia hamil secara tak terduga! <img alt=\"My Home Design Story MODBOYAPK.COM\" class=\"img-responsive\" src=\"http://localhost/ModBoyApps/source/GAMES/SIMULATION/My%20Home%20Design%20Story/My%20Home%20Design%20Story%203.png\" style=\"height:225px; width:675px\" /><br />\r\nDengan bungkusan kecil kegembiraannya, Joyce, di sisinya, Donna memutuskan untuk menjauh dari kehidupan New York yang rumit dan penuh rumor untuk mengubah hidupnya dan menemukan kedamaian dan ketenangan untuk dirinya dan gadis kecilnya.<br />\r\n<br />\r\nTapi sepertinya tantangan terus menemukan Donna bahkan ketika dia tidak mengharapkannya; Saat dia mencoba untuk tenang dan memulai yang baru, dia menemukan dirinya terbelah di antara dua pria luar biasa dalam hidupnya; tetangganya yang baik dan perhatian, Ryan di satu sisi, dan mantan pacarnya yang tampan dan kaya, Gray di sisi lain.</p>\r\n\r\n<p><a href=\"https://rebrand.ly/My-Home-Design-Story\">Download My Home Design Story (MOD, Unlimited Money)</a></p>\r\n','https://rebrand.ly/My-Home-Design-Story','http://localhost/ModBoyApps/source/GAMES/SIMULATION/My%20Home%20Design%20Story/My%20Home%20Design%20Story.png',1,NULL,'download-my-home-design-story-game-mod-apk-terbaru','M','2021-11-17','20:37:54','2021-11-19','02:21:17'),
(18,'3','1945 Air Force v9.24','1945 Air Force,1945 Air Force game,Air Force,games,game downloads,download,downloads,play store','1945 Air Force adalah game pesawat tempur berlatar belakang Perang Dunia II dengan gameplay yang diambil langsung dari game arcade klasik.',1,'1945 Air Force v9.24 MOD APK','<p>&nbsp;<img alt=\"1945 Air Force v9.24 MODBOYAPK.COM\" class=\"img-responsive\" src=\"http://localhost/ModBoyApps/source/GAMES/ARCADE/1945%20AIR%20FORCE/1945%20Air%20Force%20Airplane%20games%201-1.jpg\" style=\"height:225px; width:675px\" /></p>\r\n\r\n<table class=\"table table-borderless table-striped\" style=\"height:225px; width:675px\">\r\n	<tbody>\r\n		<tr>\r\n			<th>App Name</th>\r\n			<td>1945 Air Forces</td>\r\n		</tr>\r\n		<tr>\r\n			<th>Publisher</th>\r\n			<td>OneSoft</td>\r\n		</tr>\r\n		<tr>\r\n			<th>Genre</th>\r\n			<td>Arcade</td>\r\n		</tr>\r\n		<tr>\r\n			<th>Size</th>\r\n			<td>151.8M</td>\r\n		</tr>\r\n		<tr>\r\n			<th>Latest Version</th>\r\n			<td>9.24</td>\r\n		</tr>\r\n		<tr>\r\n			<th>MOD Info</th>\r\n			<td>Unlimited Money</td>\r\n		</tr>\r\n		<tr>\r\n			<th>Get it On</th>\r\n			<td><a href=\"https://play.google.com/store/apps/details?id=com.os.airforce&amp;hl=en\" rel=\"nofollow\" target=\"_blank\"><img alt=\"Google Play\" src=\"https://moddroid.co/wp-content/themes/k/images/google-play.png\" style=\"height:1.5rem\" /> </a></td>\r\n		</tr>\r\n	</tbody>\r\n</table>\r\n\r\n<p>Gameplay 1945 Air Force cukup mudah untuk dimainkan karena mirip dengan game lain dalam genrenya. Pesawatmu menembakkan misil secara otomatis. Jadi, tugasmu adalah menerbangkan pesawat di sepanjang permainan. Ketika menembak musuh, kamu akan mendapat koin dan suku cadang yang bisa digunakan untuk membeli pesawat baru yang lebih baik atau meningkatkan atribut pesawat yang sudah ada.</p>\r\n\r\n<p><img alt=\"1945 Air Force v9.24 MODBOYAPK.COM\" class=\"img-responsive\" src=\"http://localhost/ModBoyApps/source/GAMES/ARCADE/1945%20AIR%20FORCE/1945%20Air%20Force%20Airplane%20games%203.jpg\" style=\"height:225px; width:275px\" /> <img alt=\"1945 Air Force v9.24 MODBOYAPK.COM\" class=\"img-responsive\" src=\"http://localhost/ModBoyApps/source/GAMES/ARCADE/1945%20AIR%20FORCE/1945%20Air%20Force%20Airplane%20games%202.jpg\" style=\"height:225px; width:275px\" /></p>\r\n\r\n<p>Salah satu aspek paling menarik dari 1945 Air Force adalah dapat menyesuaikan dengan kemampuan pemain karena menyediakan tiga level kesulitan. Level kesulitan baru akan terbuka setelah kamu melalui level dengan kesulitan lebih rendah, sistem yang menghargai latihan dan ketekunan dengan banyak koin dan material langka untuk membuat pesawat makin canggih.<br />\r\n1945 Air Force adalah game wajib bagi siapa pun yang menyukai genre ini dan menghargai grafik cantik dan mengesankan serta gameplay yang lancar.</p>\r\n\r\n<p><img alt=\"1945 Air Force v9.24 MODBOYAPK.COM\" class=\"img-responsive\" src=\"http://localhost/ModBoyApps/source/GAMES/ARCADE/1945%20AIR%20FORCE/1945%20Air%20Force%20Airplane%20games%204.jpg\" style=\"height:225px; width:275px\" /> <img alt=\"1945 Air Force v9.24 MODBOYAPK.COM\" class=\"img-responsive\" src=\"http://localhost/ModBoyApps/source/GAMES/ARCADE/1945%20AIR%20FORCE/1945%20Air%20Force%20Airplane%20games%201.jpg\" style=\"height:225px; width:275px\" /></p>\r\n\r\n<p><a href=\"https://rebrand.ly/1945-Air-Force\">Download 1945 Air Forces (MOD, Unlimited Money/GEM)</a></p>\r\n','https://rebrand.ly/1945-Air-Force','http://localhost/ModBoyApps/source/GAMES/ARCADE/1945%20AIR%20FORCE/1945%20Air%20Force%20Airplane%20games.jpg',1,NULL,'download-1945-air-force-game-mod-apk-terbaru','1','2021-11-19','02:35:01','2021-11-20','09:23:19'),
(19,NULL,'Plants vs Zombies 2','','',1,'Plants vs Zombies 2 (MOD, Unlimited Everything)','','','',0,NULL,'','P','2021-11-20','09:38:00','2021-11-20','09:38:00'),
(20,'1','ePSXe for Android','ePSXe for Android,ePSXe for Android bios,ePSXe for Android download,emulator androide,PSXe for Android full,emulator ps1,emulator ps1 terbaik','ePSXe for Android adalah emulator yang di rancang kusus untuk memainkan game Playstation satu di android.',5,'ePSXe for Android','<div align=\"left\">\r\n<p>&nbsp;<img alt=\"ePSXe for Android\" class=\"img-responsive\" longdesc=\"\" src=\"http://localhost/ModBoyApps/source/EMULATOR/ePSXe%20for%20Android/ePSXe%20for%20Android%203.png\" style=\"width: 675px; height: 225px;\" /></p>\r\n\r\n<table class=\"table table-striped table-borderless\" style=\"height:225px;width:675px;\">\r\n	<tbody>\r\n		<tr>\r\n			<th>Nama File</th>\r\n			<td>ePSXe for Android</td>\r\n		</tr>\r\n		<tr>\r\n			<th>Publisher</th>\r\n			<td>ePSXe Software s.I.</td>\r\n		</tr>\r\n		<tr>\r\n			<th>Genre</th>\r\n			<td><a href=\"http://localhost/ModBoyApps/emulator\" rel=\"tag\">Emulator</a></td>\r\n		</tr>\r\n		<tr>\r\n			<th>Size</th>\r\n			<td>11 M</td>\r\n		</tr>\r\n		<tr>\r\n			<th>Versi</th>\r\n			<td>2.0.15-139</td>\r\n		</tr>\r\n		<tr>\r\n			<th>Sistem</th>\r\n			<td>Sony Playstation</td>\r\n		</tr>\r\n		<tr>\r\n			<th>Get it On</th>\r\n			<td><a href=\"https://play.google.com/store/apps/details?id=com.epsxe.ePSXe\" rel=\"nofollow\" target=\"_blank\"><img alt=\"Google Play\" src=\"http://localhost/ModBoyApps/source/google-play.png\" style=\"width: 100px; height: 30px;\" /> </a></td>\r\n		</tr>\r\n	</tbody>\r\n</table>\r\n</div>\r\n\r\n<p align=\"left\">ePSXe for Android&nbsp;adalah aplikasi&nbsp;emulator Playstation (PSX dan PS1). Aplikasi ini merupakan bagian dari ePSXe for PC yang populer pada masanya.<br />\r\nMenurut keterangan resminya, ePSXe for Android&nbsp;menawarkan&nbsp;kompatibilitas sangat tinggi yakni lebih dari 99 persen, kecepatan yang baik, dan suara yang akurat.</p>\r\n\r\n<p align=\"left\"><img alt=\"ePSXe for Android\" class=\"img-responsive\" src=\"http://localhost/ModBoyApps/source/EMULATOR/ePSXe%20for%20Android/ePSXe%20for%20Android%201.png\" style=\"width: 675px; height: 225px;\" /></p>\r\n\r\n<p align=\"left\">Selain mendukung tombol layar sentuh, ePSXe for Android&nbsp;terkini juga diklaim mendukung&nbsp;<em>bluetooth gamepad </em>atau USB <em>gamepad</em> Xbox 360 dan Analog Stick.</p>\r\n\r\n<p align=\"left\"><strong>Cara menyetel ePSXe&nbsp;for Android&nbsp;</strong><br />\r\nSetelah aplikasi&nbsp;ePSXe&nbsp;for&nbsp;Android&nbsp;terpasang, kamu harus menyetelnya terlebih dahulu. Caranya simpel sekali. Pertama, kamu perlu mengunduh dan memasang&nbsp;PSX BIOS. Kamu tak perlu repot-repot untuk hal ini karena di emulator yang kalian download disitus ini sudah ada BIOS nya atau kalian bisa unduh di Google Play.<br />\r\n<br />\r\nBila BIOS sudah terpasang, buka ePSXe&nbsp;for&nbsp;Android&nbsp;dan kemudian aplikasi ini akan melakukan pemindaian&nbsp;(<em>scanning</em>) untuk menemukan <em>path</em> di mana BIOS disimpan.<br />\r\n<br />\r\nSelanjutnya&nbsp;ePSXe for Android&nbsp;akan otomatis mengonfigurasi <em>path</em> pada preferensi. Jika BIOS tidak ditemukan oleh&nbsp;ePSXe for Android, periksa Preferences&nbsp;&gt; BIOS, lalu pilih <em>path</em> yang tepat.&nbsp;<br />\r\n<br />\r\nSetelah proses konfigurasi selesai, kamu sudah bisa memainkan gim jadul PlayStation 1 di aplikasi&nbsp;ePSXe for Android. Namun&nbsp;untuk diperhatikan, ePSXe for Android&nbsp;tidak menyediakan&nbsp;<em>file&nbsp;</em>gim, namun tidak usah kawatir kami juga menyediakan gim <a href=\"http://localhost/ModBoyApps/rom/1\">Playstation 1</a> yang dapat kalian download sepuasnya.<br />\r\n&nbsp;</p>\r\n','https://rebrand.ly/ePSXe-For-Android','http://localhost/ModBoyApps/source/EMULATOR/ePSXe%20for%20Android/ePSXe%20for%20Android.png',1,5,'download-epsxe-for-android-emulators-terbaru','','2021-11-24','10:26:40','2021-11-28','04:56:26'),
(21,'1','ePSXe for PC','ePSXe205 PC Full,ePSXe,ePSXe pc,emulator pc,ePSXe download,emulator ps1,emulator ps1 terbaik','ePSXe for PC adalah emulator yang di rancang kusus untuk memainkan game Playstation satu di PC.',5,'ePSXe for PC','<p><img alt=\"ePSXe for PC\" class=\"img-responsive\" src=\"http://localhost/ModBoyApps/source/EMULATOR/ePSXe%20for%20PC/ePSXe%20for%20PC.png\" style=\"width: 675px; height: 225px;\" /></p>\r\n\r\n<table class=\"table table-striped table-borderless\" style=\"height:225px;width:675px;\">\r\n	<tbody>\r\n		<tr>\r\n			<th>Nama File</th>\r\n			<td>ePSXe for PC</td>\r\n		</tr>\r\n		<tr>\r\n			<th>Publisher</th>\r\n			<td>ePSXe Software s.I.</td>\r\n		</tr>\r\n		<tr>\r\n			<th>Genre</th>\r\n			<td><a href=\"http://localhost/ModBoyApps/emulator\" rel=\"tag\">Emulator</a></td>\r\n		</tr>\r\n		<tr>\r\n			<th>Size</th>\r\n			<td>8.1 M</td>\r\n		</tr>\r\n		<tr>\r\n			<th>Versi</th>\r\n			<td>2.0.5</td>\r\n		</tr>\r\n		<tr>\r\n			<th>Sistem</th>\r\n			<td>Sony Playstation</td>\r\n		</tr>\r\n	</tbody>\r\n</table>\r\n\r\n<p>&nbsp;ePSXe For PC merupakan emulator PS 1 (Playstation) untuk pc/windows dengan aplikasi ini kamu dapat menjalankan berbagai game ps 1 di komputer milikmu. Dulu untuk memainkan game ps1 kamu harus memiliki konsol PS dan kaset nya. Dengan adanya emulator ePSXe For PC kamu tidak&nbsp; memerlukan lagi konsol PS dan untuk game nya kalian bisa download <a href=\"http://localhost/ModBoyApps/rom/1\">disini</a>.</p>\r\n\r\n<h2>Cara Instal Game PS1 Di PC / Laptop</h2>\r\n\r\n<p>&nbsp;</p>\r\n\r\n<ol>\r\n	<li>Download Game PS1 dan extract dengan Winrar / Zip</li>\r\n	<li>Buka emulator ePSXe For PC &gt; Pilih Config &gt; Bios &gt; Select &gt; SCPH-1001.bin &gt; Ok</li>\r\n	<li>Setting Kontrol Stick / Keyboard Pilih Config &gt; Gamepad &gt; Port1 &gt; PAD 1 dan setting sesuai keinginan kamu.<img alt=\"ePSXe for Android\" class=\"img-responsive\" height=\"312\" src=\"http://localhost/ModBoyApps/source/EMULATOR/ePSXe%20for%20PC/ePSXe%20for%20PC%201.png\" width=\"675\" /></li>\r\n	<li>Terakhir Pilih Config &gt; Video &gt; Sesuaikan gambar dibawah ini. Untuk resolusi susai selera.<img alt=\"ePSXe for PC\" class=\"img-responsive\" src=\"http://localhost/ModBoyApps/source/EMULATOR/ePSXe%20for%20PC/ePSXe%20for%20PC%202.png\" style=\"width: 773px; height: 811px;\" /></li>\r\n	<li>lalu Play game yang sudah kamu download dan extract tadi, pilih Run &gt; Run ISO &gt; Pilih game yang formatnya .BIN / .ISO</li>\r\n	<li>Done.</li>\r\n</ol>\r\n\r\n<p>&nbsp;</p>\r\n','https://rebrand.ly/ePSXe205-PC-Full','http://localhost/ModBoyApps/source/EMULATOR/ePSXe%20for%20Android/ePSXe%20for%20Android.png',1,5,'download-epsxe-for-pc-emulators-terbaru','','2021-11-24','10:29:12','2021-11-28','05:58:55'),
(22,'1','pSX','','',5,'pSX','','','http://localhost/ModBoyApps/source/EMULATOR/ICON/playstation-png-logo-pic-4610.png',0,4,'psx','','2021-11-24','10:30:33','2021-11-26','15:59:36'),
(23,'1','PCSX-Reloaded','','',5,'PCSX-Reloaded','','','http://localhost/ModBoyApps/source/EMULATOR/ICON/PCSX-Reloaded.png',0,4,'pcsx-reloaded','','2021-11-24','10:31:38','2021-11-26','16:00:05'),
(24,'1','PSXeven','','',5,'PSXeven','','','http://localhost/ModBoyApps/source/EMULATOR/ICON/playstation-png-logo-pic-4610.png',0,4,'psxeven','','2021-11-24','10:32:57','2021-11-26','16:00:23'),
(25,'1','AndriPSX','','',5,'AndriPSX','','','http://localhost/ModBoyApps/source/EMULATOR/ICON/AndriPSX.png',0,4,'andripsx','','2021-11-24','10:35:10','2021-11-26','16:00:38'),
(26,'2','PCSX2','','',5,'PCSX2','','','http://localhost/ModBoyApps/source/EMULATOR/ICON/d3ieew8-ea831f29-33e0-4c09-8e76-c2fbad1b3110.png',0,5,'pcsx2','','2021-11-24','10:37:54','2021-11-26','16:00:57'),
(27,'2','PS2emu','','',5,'PS2emu','','','http://localhost/ModBoyApps/source/EMULATOR/ICON/PS2emu.png',0,5,'ps2emu','','2021-11-24','10:39:51','2021-11-26','16:01:17'),
(28,'2','NeutrinoSX2','','',5,'NeutrinoSX2','','','http://localhost/ModBoyApps/source/EMULATOR/ICON/NeutrinoSX2.png',0,4,'neutrinosx2','','2021-11-24','10:41:12','2021-11-26','16:01:32'),
(29,'3','PPSSPP','','',5,'PPSSPP','','','http://localhost/ModBoyApps/source/EMULATOR/ICON/PPSSPP.png',0,5,'ppsspp','','2021-11-24','10:42:19','2021-11-26','16:01:45'),
(30,'3','PCSP','','',5,'PCSP','','','http://localhost/ModBoyApps/source/EMULATOR/ICON/pngwing-com.png',1,4,'pcsp','','2021-11-24','10:43:36','2021-11-24','10:43:36'),
(31,'3','JPCSP','','',5,'JPCSP','','','http://localhost/ModBoyApps/source/EMULATOR/ICON/JPCSP.png',1,4,'jpcsp','','2021-11-24','10:46:59','2021-11-24','10:46:59'),
(32,'3','Potemkin','','',5,'Potemkin','','','http://localhost/ModBoyApps/source/EMULATOR/ICON/Potemkin.png',1,3,'potemkin','','2021-11-24','10:48:21','2021-11-24','10:48:21'),
(33,'3','PSPE','','',5,'PSPE','','','http://localhost/ModBoyApps/source/EMULATOR/ICON/PSPE.jpg',1,3,'pspe','','2021-11-24','10:50:19','2021-11-24','10:50:19'),
(34,'1','CTR Crash Team Racing - ModBoyApk.com','CTR Crash Team Racing,CTR Crash Team Racing iso,CTR Crash Team Racing ps1,CTR Crash Team Racing ps1 rom,CTR Crash Team Racing game,CTR ps1,CTR game,CTR epsxe','Crash Team Racing adalah permainan yang dipublikasi oleh Sony Computer Entertainment dan dikembangkan oleh Naughty Dog untuk PlayStation.',7,'CTR - Crash Team Racing','<p><img alt=\"CTR - Crash Team Racing\" class=\"img-responsive\" src=\"http://localhost/ModBoyApps/source/GAME%20PLAYSTATION%201/CTR%20-%20Crash%20Team%20Racing/CTR%20-%20Crash%20Team%20Racing.png\" style=\"width: 260px; height: 225px;\" />&nbsp;</p>\r\n\r\n<table class=\"table table-striped table-borderless\" style=\"height:225px;width:675px;\">\r\n	<tbody>\r\n		<tr>\r\n			<th>Nama File</th>\r\n			<td>CTR - Crash Team Racing</td>\r\n		</tr>\r\n		<tr>\r\n			<th>Pengembang</th>\r\n			<td>Naughty Dog</td>\r\n		</tr>\r\n		<tr>\r\n			<th>Size</th>\r\n			<td>279.7M</td>\r\n		</tr>\r\n		<tr>\r\n			<th>Tanggal Rilis Awal</th>\r\n			<td>30 September 1999</td>\r\n		</tr>\r\n		<tr>\r\n			<th>Sistem</th>\r\n			<td><a href=\"http://localhost/ModBoyApps/rom/1\"><span style=\"color:#3498db;\">Sony Playstation</span></a>, <a href=\"http://localhost/ModBoyApps/rom/3\"><span style=\"color:#3498db;\">PlayStation Portable</span></a>, PlayStation 3, PlayStation Vita</td>\r\n		</tr>\r\n	</tbody>\r\n</table>\r\n\r\n<p>Crash Team Racing adalah permainan yang dipublikasi oleh Sony Computer Entertainment dan dikembangkan oleh Naughty Dog untuk PlayStation. Permainan ini dirilis di Amerika Utara pada tanggal 30 September 1999, di Eropa pada tanggal 19 Oktober 1999, dan di Jepang pada tanggal 16 Desember 1999.</p>\r\n','https://rebrand.ly/CTR-Crash-Team-Racing','http://localhost/ModBoyApps/source/GAME%20PLAYSTATION%201/CTR%20-%20Crash%20Team%20Racing/CTR%20-%20Crash%20Team%20Racing.png',1,5,'download-crash-team-racing-playstation-1','C','2021-11-24','11:41:52','2021-11-28','12:20:58'),
(35,NULL,'Spotify 8.6.48.796 (MOD, Premium Unlocked)','spotifymod, spotify, spotifypremium, spotifymusic, spotifypremium,','',2,'Spotify 8.6.48.796 (MOD, Premium Unlocked)','<table class=\"table table-striped table-borderless\">\r\n	<tbody>\r\n		<tr>\r\n			<th>App Name</th>\r\n			<td>Spotify Music</td>\r\n		</tr>\r\n		<tr>\r\n			<th>Publisher</th>\r\n			<td><a href=\"https://moddroid.co/developer/spotify-ltd-2\" rel=\"tag\">Spotify Ltd</a></td>\r\n		</tr>\r\n		<tr>\r\n			<th>Genre</th>\r\n			<td><a href=\"https://moddroid.co/apps/music-audio\" rel=\"tag\">Music - Audio</a></td>\r\n		</tr>\r\n		<tr>\r\n			<th>Size</th>\r\n			<td>29M</td>\r\n		</tr>\r\n		<tr>\r\n			<th>Latest Version</th>\r\n			<td>8.6.80.1014</td>\r\n		</tr>\r\n		<tr>\r\n			<th>MOD Info</th>\r\n			<td>Premium Unlocked</td>\r\n		</tr>\r\n		<tr>\r\n			<th>Get it On</th>\r\n			<td><a href=\"https://play.google.com/store/apps/details?id=com.spotify.music\" rel=\"nofollow\" target=\"_blank\"><img alt=\"Google Play\" src=\"https://moddroid.co/wp-content/themes/k/images/google-play.png\" style=\"height: 1.5rem;\" /> </a></td>\r\n		</tr>\r\n		<tr>\r\n			<th>Update</th>\r\n			<td>November 24, 2021 (1 day ago)</td>\r\n		</tr>\r\n	</tbody>\r\n</table>\r\n\r\n<p>Spotify merupakan aplikasi buatan Spotify Inc. yang mulai diluncurkan untuk publik pada tahun 2008. Beberapa waktu lalu saya pernah bagikan versi premium aplikasi ini.</p>\r\n\r\n<p>Delete the original version first, then download the apk file and install<br />\r\nIf you are unable to register a new account on the application, please register with a computer browser<br />\r\nVersion 8.5.68.904 works perfectly on every device (armv7, arm64, x86&hellip;), issues have been fixed</p>\r\n\r\n<p>The features below are similar to the Premium version</p>\r\n\r\n<p>&bull; Unlocked Next Track;<br />\r\n&bull; Unlocked Pevious Track;<br />\r\n&bull; Unlocked Seeking FWD/BWD<br />\r\n&bull; Unlocked/Able to Select Any Songs &amp; Albums<br />\r\n&bull; Unlocked Repeat Once/All;<br />\r\n&bull; Unlocked Shuffle;<br />\r\n&bull; Unlocked Very High Audio (Visual, WIP);<br />\r\n&bull; Disabled Force Shuffle;<br />\r\n&bull; Unlocked Spotify Connect (Premium Bypass);<br />\r\n&bull; Unlocked On-Demand Sharing;<br />\r\n&bull; Unlocked Canvas Sharing;<br />\r\n&bull; Unlocked Voice Feature;<br />\r\n&bull; Unlocked Volume Control;<br />\r\n&bull; Unlocked Animated Heart;<br />\r\n&bull; Unlocked Lyrics Sharing (Works only in supported countries);<br />\r\n&bull; Unlocked Storylines;<br />\r\n&bull; Unlocked Sing-along (Works only in supported countries);<br />\r\n&bull; Unlocked User Playlist Annotation (New Feature);<br />\r\n&bull; Unlocked Follow Feed;<br />\r\n&bull; Unlocked Editorial Mode;<br />\r\n&bull; Unlocked Full Screen Stories;<br />\r\n&bull; Unlocked Facebook Login;<br />\r\n&bull; Disabled Audio Ads;<br />\r\n&bull; Disabled Video Ads;<br />\r\n&bull; Disabled Visual Ads;<br />\r\n&bull; Disabled Third-Party Ads;<br />\r\n&bull; Languages: Full Multi Languages;<br />\r\n&bull; CPUs: armeabi-v7a, arm64-v8a, x86;<br />\r\n&bull; Screen DPIs: 160dpi, 240dpi, 320dpi, 480dpi, 640dpi;<br />\r\n&bull; Original package signature changed.</p>\r\n\r\n<p>Note: Some server-side features require a paid subscriptions.</p>\r\n\r\n<p>Mod V1 Info?</p>\r\n\r\n<p>&nbsp;&nbsp;&nbsp; Login with old accounts can use V1 mod and work fine.</p>\r\n\r\n<p>Mod V2 Info?</p>\r\n\r\n<p>&nbsp;&nbsp;&nbsp; You need to install the untouched playstore version first, create a NEW account, verify email &amp; then uninstall &amp; use this Mod V2.<br />\r\n&nbsp;&nbsp;&nbsp; Login with new accounts &ndash; however, v2 mod does not work with old accounts as fwd/play buttons etc are missing.</p>\r\n\r\n<p>&nbsp;</p>\r\n\r\n<p>&nbsp;</p>\r\n','','',0,NULL,'','S','2021-11-27','17:36:57','2021-11-27','17:46:18'),
(36,'1','Digimon World 3 - ModBoyApk.com','Digimon World 3,Digimon World 3 iso,Digimon World 3 ps1,Digimon World 3 game,Digimon World 3 epsxe','Digimon World 3, juga dikenal sebagai Digimon World 2003 di Eropa dan Australia yang dibuat oleh Bandai untuk Playstation.',7,'Digimon World 3','<p><img alt=\"Digimon World 3\" class=\"img-responsive\" src=\"http://localhost/ModBoyApps/source/GAME%20PLAYSTATION%201/Digimon%20World%203/Digimon%20World%203.jpg\" style=\"width: 260px; height: 225px;\" />&nbsp;</p>\r\n\r\n<table class=\"table table-striped table-borderless\" style=\"height:225px;width:675px;\">\r\n	<tbody>\r\n		<tr>\r\n			<th>Nama File</th>\r\n			<td>Digimon World 3</td>\r\n		</tr>\r\n		<tr>\r\n			<th>Pengembang</th>\r\n			<td>Bandai</td>\r\n		</tr>\r\n		<tr>\r\n			<th>Size</th>\r\n			<td>413.8M</td>\r\n		</tr>\r\n		<tr>\r\n			<th>Tanggal Rilis Awal</th>\r\n			<td>5 Juni 2002</td>\r\n		</tr>\r\n		<tr>\r\n			<th>Sistem</th>\r\n			<td><a href=\"http://localhost/ModBoyApps/rom/1\"><span style=\"color:#3498db;\">Sony Playstation</span></a></td>\r\n		</tr>\r\n	</tbody>\r\n</table>\r\n\r\n<p>Digimon World 3, juga dikenal sebagai Digimon World 2003 di Eropa dan Australia yang dibuat oleh Bandai untuk Playstation. Serial permainan ini adalah serial yang ketiga dalam seri Digimon World dan pertama kali dirilis pada tanggal 5 Juni 2002 di AS dan kemudian pada tanggal 4 Juli 2002 di Jepang dan 15 November 2002 di Eropa. Permainan ini bercerita tentang seorang anak yang bermain dengan permainan MMORPG yang disebut &quot;Digimon Online&quot; dengan teman-temannya, tetapi ketika mereka bermain terjadilah sebuah serangan teroris, dan para pemain yang lain terjebak dalam permainan itu dan harus menemukan jalan keluar dengan menggunakan Digimon-nya.</p>\r\n','https://rebrand.ly/Digimon-World-3','http://localhost/ModBoyApps/source/GAME%20PLAYSTATION%201/Digimon%20World%203/Digimon%20World%203.jpg',1,4,'download-digimon-world-3-playstation-1','D','2021-11-28','08:29:37','2021-11-28','12:21:22'),
(37,'1','Digimon World - ModBoyApk.com','Digimon World,Digimon World iso,Digimon World ps1,Digimon World game,Digimon World epsxe','Digimon World adalah permainan video RPG oleh Bandai di PlayStation, yang dirilis pada tahun 1999, tentang hewan peliharaan virtual Digimon.',7,'Digimon World','<p><img alt=\"Digimon World 3\" class=\"img-responsive\" src=\"http://localhost/ModBoyApps/source/GAME%20PLAYSTATION%201/Digimon%20World/Digimon%20World.jpg\" style=\"width: 260px; height: 225px;\" /></p>\r\n\r\n<table class=\"table table-striped table-borderless\" style=\"height:225px;width:675px;\">\r\n	<tbody>\r\n		<tr>\r\n			<th>Nama File</th>\r\n			<td>Digimon World</td>\r\n		</tr>\r\n		<tr>\r\n			<th>Pengembang</th>\r\n			<td>Bandai</td>\r\n		</tr>\r\n		<tr>\r\n			<th>Size</th>\r\n			<td>188.3M</td>\r\n		</tr>\r\n		<tr>\r\n			<th>Tanggal Rilis Awal</th>\r\n			<td>28 Januari 1999</td>\r\n		</tr>\r\n		<tr>\r\n			<th>Sistem</th>\r\n			<td><a href=\"http://localhost/ModBoyApps/rom/1\"><span style=\"color:#3498db;\">Sony Playstation</span>, </a>Microsoft Windows</td>\r\n		</tr>\r\n	</tbody>\r\n</table>\r\n\r\n<p>Digimon World jadi salah satu game PS1 yang paling berkesan bagi anak 90-an. Pada game ini kamu mulai mengenal berbagai jenis digimon untuk pertama kalinya sebelum jenis lainnya muncul di anime. Jika kangen dengan game ini, kamu masih bisa memainkannya di <a href=\"http://localhost/ModBoyApps/emulator/1/download-epsxe-for-android-emulators-terbaru\"><span style=\"color:#3498db;\">Emulator Android</span></a> dan <a href=\"http://localhost/ModBoyApps/emulator/1/download-epsxe-for-pc-emulators-terbaru\"><span style=\"color:#3498db;\">PC</span></a>.</p>\r\n','https://rebrand.ly/Digimon-World','http://localhost/ModBoyApps/source/GAME%20PLAYSTATION%201/Digimon%20World/Digimon%20World.jpg',1,4,'download-digimon-world-playstation-1','D','2021-11-28','09:38:22','2021-11-28','12:20:18'),
(38,'1','Dino Crisis 2 - ModBoyApk.com','Dino Crisis 2,Dino Crisis 2 download,download dino crisis 2 epsxe,Dino Crisis 2 rom,Dino Crisis 2 ps1,Dino Crisis 2 iso','Dino Crisis 2 adalah gim video aksi-petualangan untuk PlayStation yang dikembangkan oleh Capcom Production Studio 4 dan diterbitkan oleh Capcom.',7,'Dino Crisis 2','<p><img alt=\"Dino Crisis 2\" class=\"img-responsive\" src=\"http://localhost/ModBoyApps/source/GAME%20PLAYSTATION%201/Dino%20Crisis%202/Dino%20Crisis%202%201.jpg\" style=\"width: 675px; height: 225px;\" /></p>\r\n\r\n<table class=\"table table-striped table-borderless\" style=\"height:225px;width:675px;\">\r\n	<tbody>\r\n		<tr>\r\n			<th>Nama File</th>\r\n			<td>Dino Crisis 2</td>\r\n		</tr>\r\n		<tr>\r\n			<th>Pengembang</th>\r\n			<td>Capcom</td>\r\n		</tr>\r\n		<tr>\r\n			<th>Size</th>\r\n			<td>318.8M</td>\r\n		</tr>\r\n		<tr>\r\n			<th>Tanggal Rilis Awal</th>\r\n			<td>13 September 2000</td>\r\n		</tr>\r\n		<tr>\r\n			<th>Sistem</th>\r\n			<td><a href=\"http://localhost/ModBoyApps/rom/1\"><span style=\"color:#3498db;\">Sony Playstation</span></a>, Microsoft Windows, PlayStation 3, Nintendo 64</td>\r\n		</tr>\r\n	</tbody>\r\n</table>\r\n\r\n<p>Dalam game ini kamu akan memerankan dua tokoh utama, yaitu <strong>Regina</strong> dan <strong>Dylan</strong>.Walau yang kamu perankan hanya dua, namun mereka juga dibantu oleh teman-teman mereka. Mereka kembali ke masa lalu di mana Dinosaurus masih ada.</p>\r\n\r\n<p>Namun, ada keanehan pada zaman tersebut. Mereka menemukan tempat-tempat berteknologi modern, yang seharusnya tidak ada di zaman tersebut. Sebenarnya para Dinosaurus di sana tidak buas. Mereka menjadi buas karena pengaruh obat-obatan tertentu. Selain melawan Dinosaurus, ada misi tersendiri yang dilakukan Dylan, yaitu mencari adiknya yang diduga ada di masa tersebut.</p>\r\n\r\n<p>Jika dilihat dari segi <em>gameplay</em>, game ini mirip dengan <a href=\"http://localhost/ModBoyApps/rom/1/download-resident-evil-3-:-nemesis-playstation-1\">Resident Evil 3 : Nemesis</a>. Dalam game ini kita bisa membeli senjata menggunakan poin yang kita dapatkan. Namun, juga ada senjata yang kita dapatkan dengan tanpa membeli. Berbagai armor-pun juga akan kita dapatkan.</p>\r\n','https://rebrand.ly/Dino-Crisis-2','http://localhost/ModBoyApps/source/GAME%20PLAYSTATION%201/Dino%20Crisis%202/Dino%20Crisis%202.jpg',1,5,'download-dino-crisis-2-playstation-1','D','2021-11-28','10:15:03','2021-11-28','14:04:57'),
(39,'1','','','',7,' game game game game game game game game game game game game game game','','','http://localhost/ModBoyApps/source/GAME%20PLAYSTATION%201/Digimon%20World%203/Digimon%20World%203.jpg',0,1,'',' ','2021-11-28','10:15:21','2021-11-28','10:30:45'),
(40,'1','','','',7,'dfgffdh','','','http://localhost/ModBoyApps/source/GAME%20PLAYSTATION%201/Digimon%20World%203/Digimon%20World%203.jpg',0,1,'','d','2021-11-28','10:16:03','2021-11-28','10:30:28'),
(41,NULL,'tutorial','tutorial','tutorial',3,'tutorial','<p>tutorial</p>\r\n',NULL,'http://localhost/ModBoyApps/source/GAME%20PLAYSTATION%201/CTR%20-%20Crash%20Team%20Racing/CTR%20-%20Crash%20Team%20Racing.png',1,NULL,'tutorial','','2021-11-30','11:45:43','2021-11-30','11:45:43');

/*Table structure for table `setting` */

DROP TABLE IF EXISTS `setting`;

CREATE TABLE `setting` (
  `id` int(11) NOT NULL AUTO_INCREMENT,
  `logo` text,
  `icon_32` text,
  `icon_128` text,
  `icon_192` text,
  `disclqimer` text,
  `kontak` varchar(50) DEFAULT NULL,
  `date_upload` datetime DEFAULT NULL,
  `date_update` datetime DEFAULT NULL,
  PRIMARY KEY (`id`)
) ENGINE=InnoDB AUTO_INCREMENT=2 DEFAULT CHARSET=latin1;

/*Data for the table `setting` */

insert  into `setting`(`id`,`logo`,`icon_32`,`icon_128`,`icon_192`,`disclqimer`,`kontak`,`date_upload`,`date_update`) values 
(1,'http://localhost/ModBoyApps/source/LOGO/ModBoyapkTransparent.png','http://localhost/ModBoyApps/source/LOGO/ModBoyapk%20Logo(32x32).gif','http://localhost/ModBoyApps/source/LOGO/ModBoyapk%20Logo(128x128).gif','http://localhost/ModBoyApps/source/LOGO/ModBoyapk(192x129).gif','<p>Disclqimer ff</p>\r\n','contact@modbotapk.com',NULL,'2021-11-23 17:07:08');

/*Table structure for table `slide` */

DROP TABLE IF EXISTS `slide`;

CREATE TABLE `slide` (
  `id` int(11) NOT NULL AUTO_INCREMENT,
  `slide_pertama` varchar(10) DEFAULT NULL,
  `judul` varchar(50) DEFAULT NULL,
  `deskripsi` text,
  `gambar` text,
  `status` int(2) DEFAULT NULL,
  `date_upload` datetime DEFAULT NULL,
  `date_update` datetime DEFAULT NULL,
  PRIMARY KEY (`id`)
) ENGINE=InnoDB AUTO_INCREMENT=9 DEFAULT CHARSET=latin1;

/*Data for the table `slide` */

insert  into `slide`(`id`,`slide_pertama`,`judul`,`deskripsi`,`gambar`,`status`,`date_upload`,`date_update`) values 
(1,'non_active',' ','','http://localhost/ModBoyApps/source/SLIDE/01.jpg',0,'2021-10-27 12:28:27','2021-11-14 15:51:59'),
(2,'non_active',' ','','http://localhost/ModBoyApps/source/SLIDE/02.jpg',0,'2021-10-27 07:53:52','2021-11-14 15:52:24'),
(3,'non_active',' ','','http://localhost/ModBoyApps/source/SLIDE/04.jpg',0,'2021-10-27 07:55:56','2021-11-14 15:52:55'),
(4,'non_active','','','http://localhost/ModBoyApps/source/SLIDE/05.jpg',0,'2021-10-27 07:56:25','2021-11-13 10:40:14'),
(8,'active',' ','','http://localhost/ModBoyApps/source/LOGO/ModBoyapk%20Logo_Tile.gif',1,'2021-11-13 10:38:51','2021-11-22 20:26:12');

/*Table structure for table `socialmedia` */

DROP TABLE IF EXISTS `socialmedia`;

CREATE TABLE `socialmedia` (
  `id` int(11) NOT NULL AUTO_INCREMENT,
  `nama` varchar(20) DEFAULT NULL,
  `link` text,
  `status` int(2) DEFAULT NULL,
  `date_upload` datetime DEFAULT NULL,
  `date_update` datetime DEFAULT NULL,
  PRIMARY KEY (`id`)
) ENGINE=InnoDB AUTO_INCREMENT=3 DEFAULT CHARSET=latin1;

/*Data for the table `socialmedia` */

insert  into `socialmedia`(`id`,`nama`,`link`,`status`,`date_upload`,`date_update`) values 
(1,'instagram','https://www.instagram.com/modboyapk/',1,'2021-11-04 16:35:20','2021-11-16 10:30:59'),
(2,'youtube','',1,'2021-11-04 10:42:39','2021-11-12 02:47:08');

/*Table structure for table `tb_log` */

DROP TABLE IF EXISTS `tb_log`;

CREATE TABLE `tb_log` (
  `id` int(11) NOT NULL AUTO_INCREMENT,
  `id_member` int(20) DEFAULT NULL,
  `nama` text,
  `kategori` varchar(20) DEFAULT NULL,
  `tanggal` int(2) DEFAULT NULL,
  `bulan` varchar(15) DEFAULT NULL,
  `tahun` int(4) DEFAULT NULL,
  `date` date DEFAULT NULL,
  `time` time DEFAULT NULL,
  PRIMARY KEY (`id`)
) ENGINE=InnoDB DEFAULT CHARSET=latin1;

/*Data for the table `tb_log` */

/*Table structure for table `tb_user` */

DROP TABLE IF EXISTS `tb_user`;

CREATE TABLE `tb_user` (
  `id` int(11) NOT NULL AUTO_INCREMENT,
  `id_user` int(20) NOT NULL,
  `username` varchar(32) NOT NULL,
  `password` varchar(64) NOT NULL,
  `nama` varchar(50) NOT NULL,
  `email` varchar(50) NOT NULL,
  `katerangan` enum('Guru','Siswa') DEFAULT NULL,
  `status` enum('1','0') DEFAULT '1',
  `foto` text,
  `akses` enum('1','0') DEFAULT '1',
  PRIMARY KEY (`id`)
) ENGINE=InnoDB AUTO_INCREMENT=11 DEFAULT CHARSET=latin1;

/*Data for the table `tb_user` */

insert  into `tb_user`(`id`,`id_user`,`username`,`password`,`nama`,`email`,`katerangan`,`status`,`foto`,`akses`) values 
(10,10,'feri','4c850dbd4128e75d16f407a9188e2aab','Feri Pebriansah Nugraha','feripebriansah@gmail.com',NULL,'1',NULL,'1');

/*!40101 SET SQL_MODE=@OLD_SQL_MODE */;
/*!40014 SET FOREIGN_KEY_CHECKS=@OLD_FOREIGN_KEY_CHECKS */;
/*!40014 SET UNIQUE_CHECKS=@OLD_UNIQUE_CHECKS */;
/*!40111 SET SQL_NOTES=@OLD_SQL_NOTES */;
